-- phpMyAdmin SQL Dump
-- version 3.5.0
-- http://www.phpmyadmin.net
--
-- Host: localhost
-- Generation Time: Jun 01, 2012 at 10:52 AM
-- Server version: 5.5.22-0ubuntu1
-- PHP Version: 5.3.10-1ubuntu3.1

SET SQL_MODE="NO_AUTO_VALUE_ON_ZERO";
SET time_zone = "+00:00";


/*!40101 SET @OLD_CHARACTER_SET_CLIENT=@@CHARACTER_SET_CLIENT */;
/*!40101 SET @OLD_CHARACTER_SET_RESULTS=@@CHARACTER_SET_RESULTS */;
/*!40101 SET @OLD_COLLATION_CONNECTION=@@COLLATION_CONNECTION */;
/*!40101 SET NAMES utf8 */;

--
-- Database: `coxeter`
--

-- --------------------------------------------------------

--
-- Table structure for table `automorphisms`
--

DROP TABLE IF EXISTS `automorphisms`;
CREATE TABLE IF NOT EXISTS `automorphisms` (
  `id` int(11) NOT NULL AUTO_INCREMENT,
  `group_id` int(11) NOT NULL,
  `transpositions` text NOT NULL,
  PRIMARY KEY (`id`),
  KEY `group_id` (`group_id`)
) ENGINE=InnoDB  DEFAULT CHARSET=utf8 AUTO_INCREMENT=10 ;

--
-- Dumping data for table `automorphisms`
--

INSERT INTO `automorphisms` (`id`, `group_id`, `transpositions`) VALUES
(1, 3, '[]'),
(2, 3, '[[1,3]]'),
(3, 1, '[]'),
(4, 2, '[]'),
(5, 2, '[[1,2]]'),
(6, 4, '[]'),
(7, 4, '[[1,4],[2,3]]'),
(8, 5, '[]'),
(9, 5, '[[1,2]]');

-- --------------------------------------------------------

--
-- Table structure for table `groups`
--

DROP TABLE IF EXISTS `groups`;
CREATE TABLE IF NOT EXISTS `groups` (
  `id` int(11) NOT NULL AUTO_INCREMENT,
  `name` varchar(255) DEFAULT NULL,
  `rank` int(11) NOT NULL,
  `size` int(11) NOT NULL,
  `matrix` text NOT NULL,
  PRIMARY KEY (`id`)
) ENGINE=InnoDB  DEFAULT CHARSET=utf8 AUTO_INCREMENT=6 ;

--
-- Dumping data for table `groups`
--

INSERT INTO `groups` (`id`, `name`, `rank`, `size`, `matrix`) VALUES
(1, 'A_1', 1, 2, '[]'),
(2, 'A_2', 2, 6, '[3]'),
(3, 'A_3', 3, 24, '[3,2,3]'),
(4, 'A_4', 4, 120, '[3,2,2,3,2,3]'),
(5, '\\tilde A_1', 2, 0, '[0]');

-- --------------------------------------------------------

--
-- Table structure for table `weakorderings`
--

DROP TABLE IF EXISTS `weakorderings`;
CREATE TABLE IF NOT EXISTS `weakorderings` (
  `id` int(11) NOT NULL AUTO_INCREMENT,
  `group_id` int(11) NOT NULL,
  `automorphism_id` int(11) NOT NULL,
  `ordering` text NOT NULL,
  PRIMARY KEY (`id`),
  KEY `group_id` (`group_id`,`automorphism_id`),
  KEY `automorphism_id` (`automorphism_id`)
) ENGINE=InnoDB  DEFAULT CHARSET=utf8 AUTO_INCREMENT=9 ;

--
-- Dumping data for table `weakorderings`
--

INSERT INTO `weakorderings` (`id`, `group_id`, `automorphism_id`, `ordering`) VALUES
(2, 3, 1, '[ [ "s1", "s2", "s3" ], [ [ "e", 0 ], [ "s1", 1 ], [ "s2", 1 ], [ "s3", 1 ], [ "s2*s1*s2", 2 ], [ "s1*s3", 2 ], [ "s3*s2*s3", 2 ], [ "s3*s2*s1*s2*s3", 3 ], [ "s2*s1*s3*s2", 3 ], \r\n      [ "s3*s2*s1*s2*s3*s2", 4 ] ], [ [ 0, 1, 0 ], [ 0, 2, 1 ], [ 0, 3, 2 ], [ 1, 4, 1 ], [ 1, 5, 2 ], [ 2, 4, 0 ], [ 2, 6, 2 ], [ 3, 5, 0 ], [ 3, 6, 1 ], [ 4, 7, 2 ], [ 5, 8, 1 ], [ 4, 7, 2 ], \r\n      [ 6, 7, 0 ], [ 5, 8, 1 ], [ 6, 7, 0 ], [ 7, 9, 1 ], [ 8, 9, 0 ], [ 8, 9, 2 ], [ 7, 9, 1 ], [ 7, 9, 1 ], [ 8, 9, 0 ], [ 8, 9, 2 ], [ 7, 9, 1 ] ] ]'),
(3, 3, 2, '[ [ "s1", "s2", "s3" ], [ [ "e", 0 ], [ "s3*s1", 1 ], [ "s2", 1 ], [ "s2*s3*s1*s2", 2 ], [ "s3*s2*s1", 2 ], [ "s1*s2*s3", 2 ], [ "s2*s3*s1*s2*s1", 3 ], [ "s2*s3*s1*s2*s3", 3 ], \r\n      [ "s1*s3*s2*s1*s3", 3 ], [ "s2*s3*s1*s2*s1*s3", 4 ] ], [ [ 0, 1, 0 ], [ 0, 2, 1 ], [ 0, 1, 2 ], [ 1, 3, 1 ], [ 2, 4, 0 ], [ 2, 5, 2 ], [ 1, 3, 1 ], [ 3, 6, 0 ], [ 3, 7, 2 ], [ 4, 6, 1 ], \r\n      [ 4, 8, 2 ], [ 5, 8, 0 ], [ 5, 7, 1 ], [ 3, 6, 0 ], [ 3, 7, 2 ], [ 6, 9, 2 ], [ 7, 9, 0 ], [ 6, 9, 2 ], [ 8, 9, 1 ], [ 8, 9, 1 ], [ 7, 9, 0 ], [ 6, 9, 2 ], [ 7, 9, 0 ] ] ]'),
(4, 1, 3, '[ [ "s1" ], [ [ "e", 0 ], [ "s1", 1 ] ], [ [ 0, 1, 0 ] ] ]'),
(5, 2, 4, '[ [ "s1", "s2" ], [ [ "e", 0 ], [ "s1", 1 ], [ "s2", 1 ], [ "s2*s1*s2", 2 ] ], [ [ 0, 1, 0 ], [ 0, 2, 1 ], [ 1, 3, 1 ], [ 2, 3, 0 ] ] ]'),
(6, 2, 5, '[ [ "s1", "s2" ], [ [ "e", 0 ], [ "s2*s1", 1 ], [ "s1*s2", 1 ], [ "s2*s1*s2", 2 ] ], [ [ 0, 1, 0 ], [ 0, 2, 1 ], [ 1, 3, 1 ], [ 2, 3, 0 ] ] ]'),
(7, 4, 6, '[ [ "s1", "s2", "s3", "s4" ], [ [ "e", 0 ], [ "s1", 1 ], [ "s2", 1 ], [ "s3", 1 ], [ "s4", 1 ], [ "s2*s1*s2", 2 ], [ "s1*s3", 2 ], [ "s1*s4", 2 ], [ "s3*s2*s3", 2 ], [ "s2*s4", 2 ], \r\n      [ "s4*s3*s4", 2 ], [ "s3*s2*s1*s2*s3", 3 ], [ "s2*s1*s2*s4", 3 ], [ "s2*s1*s3*s2", 3 ], [ "s4*s1*s3*s4", 3 ], [ "s4*s3*s2*s3*s4", 3 ], [ "s3*s2*s4*s3", 3 ], [ "s3*s2*s1*s2*s3*s2", 4 ], \r\n      [ "s4*s3*s2*s1*s2*s3*s4", 4 ], [ "s3*s2*s1*s2*s4*s3", 4 ], [ "s4*s2*s1*s3*s2*s4", 4 ], [ "s4*s3*s2*s3*s4*s3", 4 ], [ "s4*s3*s2*s1*s2*s3*s2*s4", 5 ], [ "s4*s3*s2*s1*s2*s3*s4*s3", 5 ], \r\n      [ "s2*s3*s2*s1*s2*s4*s3*s2", 5 ], [ "s3*s4*s3*s2*s1*s2*s3*s2*s4*s3", 6 ] ], [ [ 0, 1, 0 ], [ 0, 2, 1 ], [ 0, 3, 2 ], [ 0, 4, 3 ], [ 1, 5, 1 ], [ 1, 6, 2 ], [ 1, 7, 3 ], [ 2, 5, 0 ], [ 2, 8, 2 ], \r\n      [ 2, 9, 3 ], [ 3, 6, 0 ], [ 3, 8, 1 ], [ 3, 10, 3 ], [ 4, 7, 0 ], [ 4, 9, 1 ], [ 4, 10, 2 ], [ 5, 11, 2 ], [ 5, 12, 3 ], [ 6, 13, 1 ], [ 6, 14, 3 ], [ 7, 12, 1 ], [ 7, 14, 2 ], [ 5, 11, 2 ], \r\n      [ 5, 12, 3 ], [ 8, 11, 0 ], [ 8, 15, 3 ], [ 9, 12, 0 ], [ 9, 16, 2 ], [ 6, 13, 1 ], [ 6, 14, 3 ], [ 8, 11, 0 ], [ 8, 15, 3 ], [ 10, 14, 0 ], [ 10, 15, 1 ], [ 7, 12, 1 ], [ 7, 14, 2 ], \r\n      [ 9, 12, 0 ], [ 9, 16, 2 ], [ 10, 14, 0 ], [ 10, 15, 1 ], [ 11, 17, 1 ], [ 11, 18, 3 ], [ 12, 19, 2 ], [ 13, 17, 0 ], [ 13, 17, 2 ], [ 13, 20, 3 ], [ 14, 20, 1 ], [ 12, 19, 2 ], [ 14, 20, 1 ], \r\n      [ 11, 17, 1 ], [ 11, 18, 3 ], [ 12, 19, 2 ], [ 11, 17, 1 ], [ 11, 18, 3 ], [ 15, 18, 0 ], [ 15, 21, 2 ], [ 12, 19, 2 ], [ 16, 19, 0 ], [ 16, 21, 1 ], [ 16, 21, 3 ], [ 13, 17, 0 ], [ 13, 17, 2 ], \r\n      [ 13, 20, 3 ], [ 14, 20, 1 ], [ 11, 17, 1 ], [ 11, 18, 3 ], [ 15, 18, 0 ], [ 15, 21, 2 ], [ 14, 20, 1 ], [ 15, 18, 0 ], [ 15, 21, 2 ], [ 12, 19, 2 ], [ 14, 20, 1 ], [ 12, 19, 2 ], [ 16, 19, 0 ], \r\n      [ 16, 21, 1 ], [ 16, 21, 3 ], [ 14, 20, 1 ], [ 15, 18, 0 ], [ 15, 21, 2 ], [ 17, 22, 3 ], [ 18, 22, 1 ], [ 18, 23, 2 ], [ 19, 24, 1 ], [ 19, 23, 3 ], [ 17, 22, 3 ], [ 17, 22, 3 ], [ 20, 22, 0 ], \r\n      [ 20, 24, 2 ], [ 20, 22, 0 ], [ 20, 24, 2 ], [ 19, 24, 1 ], [ 19, 23, 3 ], [ 20, 22, 0 ], [ 20, 24, 2 ], [ 17, 22, 3 ], [ 18, 22, 1 ], [ 18, 23, 2 ], [ 19, 24, 1 ], [ 19, 23, 3 ], [ 17, 22, 3 ], \r\n      [ 18, 22, 1 ], [ 18, 23, 2 ], [ 18, 22, 1 ], [ 18, 23, 2 ], [ 21, 23, 0 ], [ 19, 24, 1 ], [ 19, 23, 3 ], [ 19, 24, 1 ], [ 19, 23, 3 ], [ 21, 23, 0 ], [ 21, 23, 0 ], [ 17, 22, 3 ], [ 17, 22, 3 ], \r\n      [ 20, 22, 0 ], [ 20, 24, 2 ], [ 20, 22, 0 ], [ 20, 24, 2 ], [ 17, 22, 3 ], [ 18, 22, 1 ], [ 18, 23, 2 ], [ 18, 22, 1 ], [ 18, 23, 2 ], [ 21, 23, 0 ], [ 20, 22, 0 ], [ 20, 24, 2 ], [ 18, 22, 1 ], \r\n      [ 18, 23, 2 ], [ 21, 23, 0 ], [ 19, 24, 1 ], [ 19, 23, 3 ], [ 20, 22, 0 ], [ 20, 24, 2 ], [ 19, 24, 1 ], [ 19, 23, 3 ], [ 19, 24, 1 ], [ 19, 23, 3 ], [ 21, 23, 0 ], [ 21, 23, 0 ], [ 20, 22, 0 ], \r\n      [ 20, 24, 2 ], [ 18, 22, 1 ], [ 18, 23, 2 ], [ 21, 23, 0 ], [ 22, 25, 2 ], [ 22, 25, 2 ], [ 23, 25, 1 ], [ 24, 25, 0 ], [ 24, 25, 3 ], [ 23, 25, 1 ], [ 22, 25, 2 ], [ 22, 25, 2 ], [ 22, 25, 2 ], \r\n      [ 24, 25, 0 ], [ 24, 25, 3 ], [ 22, 25, 2 ], [ 24, 25, 0 ], [ 24, 25, 3 ], [ 24, 25, 0 ], [ 24, 25, 3 ], [ 23, 25, 1 ], [ 22, 25, 2 ], [ 24, 25, 0 ], [ 24, 25, 3 ], [ 22, 25, 2 ], [ 22, 25, 2 ], \r\n      [ 23, 25, 1 ], [ 24, 25, 0 ], [ 24, 25, 3 ], [ 23, 25, 1 ], [ 22, 25, 2 ], [ 22, 25, 2 ], [ 23, 25, 1 ], [ 22, 25, 2 ], [ 23, 25, 1 ], [ 23, 25, 1 ], [ 24, 25, 0 ], [ 24, 25, 3 ], [ 23, 25, 1 ], \r\n      [ 24, 25, 0 ], [ 24, 25, 3 ], [ 23, 25, 1 ], [ 23, 25, 1 ], [ 23, 25, 1 ], [ 22, 25, 2 ], [ 22, 25, 2 ], [ 22, 25, 2 ], [ 24, 25, 0 ], [ 24, 25, 3 ], [ 22, 25, 2 ], [ 24, 25, 0 ], [ 24, 25, 3 ], \r\n      [ 22, 25, 2 ], [ 22, 25, 2 ], [ 23, 25, 1 ], [ 22, 25, 2 ], [ 23, 25, 1 ], [ 23, 25, 1 ], [ 22, 25, 2 ], [ 24, 25, 0 ], [ 24, 25, 3 ], [ 22, 25, 2 ], [ 23, 25, 1 ], [ 23, 25, 1 ], [ 24, 25, 0 ], \r\n      [ 24, 25, 3 ], [ 23, 25, 1 ], [ 22, 25, 2 ], [ 24, 25, 0 ], [ 24, 25, 3 ], [ 24, 25, 0 ], [ 24, 25, 3 ], [ 23, 25, 1 ], [ 24, 25, 0 ], [ 24, 25, 3 ], [ 23, 25, 1 ], [ 23, 25, 1 ], [ 23, 25, 1 ], \r\n      [ 22, 25, 2 ], [ 24, 25, 0 ], [ 24, 25, 3 ], [ 22, 25, 2 ], [ 23, 25, 1 ], [ 23, 25, 1 ] ] ]'),
(8, 4, 7, '[ [ "s1", "s2", "s3", "s4" ], [ [ "e", 0 ], [ "s4*s1", 1 ], [ "s3*s2", 1 ], [ "s2*s3", 1 ], [ "s3*s4*s1*s2", 2 ], [ "s2*s4*s1*s3", 2 ], [ "s4*s3*s2*s1", 2 ], [ "s3*s2*s3", 2 ], \r\n      [ "s1*s2*s3*s4", 2 ], [ "s4*s3*s4*s1*s2*s1", 3 ], [ "s2*s3*s4*s1*s2*s3", 3 ], [ "s3*s2*s4*s1*s3*s2", 3 ], [ "s1*s2*s4*s1*s3*s4", 3 ], [ "s4*s3*s2*s1*s3", 3 ], [ "s1*s3*s2*s3*s4", 3 ], \r\n      [ "s2*s4*s3*s4*s1*s2*s1*s3", 4 ], [ "s3*s2*s3*s4*s1*s2*s3*s2", 4 ], [ "s2*s3*s4*s1*s2*s3*s4", 4 ], [ "s3*s2*s4*s1*s3*s2*s1", 4 ], [ "s1*s3*s2*s4*s1*s3*s2*s4", 4 ], [ "s1*s4*s3*s2*s1*s3*s4", 4 ], \r\n      [ "s2*s4*s3*s4*s1*s2*s1*s3*s2", 5 ], [ "s2*s4*s3*s4*s1*s2*s1*s3*s4", 5 ], [ "s3*s2*s3*s4*s1*s2*s3*s2*s4", 5 ], [ "s1*s3*s2*s4*s1*s3*s2*s1*s4", 5 ], [ "s2*s4*s3*s4*s1*s2*s1*s3*s2*s4", 6 ] ], \r\n  [ [ 0, 1, 0 ], [ 0, 2, 1 ], [ 0, 3, 2 ], [ 0, 1, 3 ], [ 1, 4, 1 ], [ 1, 5, 2 ], [ 2, 6, 0 ], [ 2, 7, 2 ], [ 2, 4, 3 ], [ 3, 5, 0 ], [ 3, 7, 1 ], [ 3, 8, 3 ], [ 1, 4, 1 ], [ 1, 5, 2 ], [ 4, 9, 0 ], \r\n      [ 4, 10, 2 ], [ 5, 11, 1 ], [ 5, 12, 3 ], [ 6, 9, 1 ], [ 6, 13, 2 ], [ 6, 9, 3 ], [ 7, 13, 0 ], [ 7, 14, 3 ], [ 4, 9, 0 ], [ 4, 10, 2 ], [ 5, 11, 1 ], [ 5, 12, 3 ], [ 7, 13, 0 ], [ 7, 14, 3 ], \r\n      [ 8, 12, 0 ], [ 8, 14, 1 ], [ 8, 12, 2 ], [ 4, 9, 0 ], [ 4, 10, 2 ], [ 5, 11, 1 ], [ 5, 12, 3 ], [ 9, 15, 2 ], [ 10, 15, 0 ], [ 10, 16, 1 ], [ 10, 17, 3 ], [ 11, 18, 0 ], [ 11, 16, 2 ], \r\n      [ 11, 19, 3 ], [ 12, 19, 1 ], [ 9, 15, 2 ], [ 13, 18, 1 ], [ 13, 20, 3 ], [ 9, 15, 2 ], [ 13, 18, 1 ], [ 13, 20, 3 ], [ 14, 20, 0 ], [ 14, 17, 2 ], [ 9, 15, 2 ], [ 10, 15, 0 ], [ 10, 16, 1 ], \r\n      [ 10, 17, 3 ], [ 11, 18, 0 ], [ 11, 16, 2 ], [ 11, 19, 3 ], [ 12, 19, 1 ], [ 13, 18, 1 ], [ 13, 20, 3 ], [ 14, 20, 0 ], [ 14, 17, 2 ], [ 12, 19, 1 ], [ 14, 20, 0 ], [ 14, 17, 2 ], [ 12, 19, 1 ], \r\n      [ 9, 15, 2 ], [ 10, 15, 0 ], [ 10, 16, 1 ], [ 10, 17, 3 ], [ 11, 18, 0 ], [ 11, 16, 2 ], [ 11, 19, 3 ], [ 12, 19, 1 ], [ 15, 21, 1 ], [ 15, 22, 3 ], [ 15, 21, 1 ], [ 15, 22, 3 ], [ 16, 21, 0 ], \r\n      [ 16, 23, 3 ], [ 17, 22, 0 ], [ 17, 23, 1 ], [ 18, 21, 2 ], [ 18, 24, 3 ], [ 16, 21, 0 ], [ 16, 23, 3 ], [ 19, 24, 0 ], [ 19, 23, 2 ], [ 19, 24, 0 ], [ 19, 23, 2 ], [ 15, 21, 1 ], [ 15, 22, 3 ], \r\n      [ 18, 21, 2 ], [ 18, 24, 3 ], [ 20, 24, 1 ], [ 20, 22, 2 ], [ 15, 21, 1 ], [ 15, 22, 3 ], [ 18, 21, 2 ], [ 18, 24, 3 ], [ 20, 24, 1 ], [ 20, 22, 2 ], [ 20, 24, 1 ], [ 20, 22, 2 ], [ 17, 22, 0 ], \r\n      [ 17, 23, 1 ], [ 15, 21, 1 ], [ 15, 22, 3 ], [ 15, 21, 1 ], [ 15, 22, 3 ], [ 16, 21, 0 ], [ 16, 23, 3 ], [ 17, 22, 0 ], [ 17, 23, 1 ], [ 18, 21, 2 ], [ 18, 24, 3 ], [ 16, 21, 0 ], [ 16, 23, 3 ], \r\n      [ 19, 24, 0 ], [ 19, 23, 2 ], [ 19, 24, 0 ], [ 19, 23, 2 ], [ 18, 21, 2 ], [ 18, 24, 3 ], [ 20, 24, 1 ], [ 20, 22, 2 ], [ 20, 24, 1 ], [ 20, 22, 2 ], [ 17, 22, 0 ], [ 17, 23, 1 ], [ 19, 24, 0 ], \r\n      [ 19, 23, 2 ], [ 20, 24, 1 ], [ 20, 22, 2 ], [ 17, 22, 0 ], [ 17, 23, 1 ], [ 19, 24, 0 ], [ 19, 23, 2 ], [ 15, 21, 1 ], [ 15, 22, 3 ], [ 15, 21, 1 ], [ 15, 22, 3 ], [ 16, 21, 0 ], [ 16, 23, 3 ], \r\n      [ 17, 22, 0 ], [ 17, 23, 1 ], [ 18, 21, 2 ], [ 18, 24, 3 ], [ 16, 21, 0 ], [ 16, 23, 3 ], [ 19, 24, 0 ], [ 19, 23, 2 ], [ 19, 24, 0 ], [ 19, 23, 2 ], [ 21, 25, 3 ], [ 22, 25, 1 ], [ 21, 25, 3 ], \r\n      [ 22, 25, 1 ], [ 21, 25, 3 ], [ 23, 25, 0 ], [ 22, 25, 1 ], [ 23, 25, 0 ], [ 21, 25, 3 ], [ 24, 25, 2 ], [ 21, 25, 3 ], [ 23, 25, 0 ], [ 24, 25, 2 ], [ 23, 25, 0 ], [ 24, 25, 2 ], [ 23, 25, 0 ], \r\n      [ 21, 25, 3 ], [ 22, 25, 1 ], [ 21, 25, 3 ], [ 24, 25, 2 ], [ 24, 25, 2 ], [ 22, 25, 1 ], [ 21, 25, 3 ], [ 22, 25, 1 ], [ 21, 25, 3 ], [ 24, 25, 2 ], [ 24, 25, 2 ], [ 22, 25, 1 ], [ 24, 25, 2 ], \r\n      [ 22, 25, 1 ], [ 22, 25, 1 ], [ 23, 25, 0 ], [ 21, 25, 3 ], [ 22, 25, 1 ], [ 21, 25, 3 ], [ 22, 25, 1 ], [ 21, 25, 3 ], [ 23, 25, 0 ], [ 22, 25, 1 ], [ 23, 25, 0 ], [ 21, 25, 3 ], [ 24, 25, 2 ], \r\n      [ 21, 25, 3 ], [ 23, 25, 0 ], [ 24, 25, 2 ], [ 23, 25, 0 ], [ 24, 25, 2 ], [ 23, 25, 0 ], [ 21, 25, 3 ], [ 24, 25, 2 ], [ 24, 25, 2 ], [ 22, 25, 1 ], [ 24, 25, 2 ], [ 22, 25, 1 ], [ 22, 25, 1 ], \r\n      [ 23, 25, 0 ], [ 24, 25, 2 ], [ 23, 25, 0 ], [ 24, 25, 2 ], [ 22, 25, 1 ], [ 22, 25, 1 ], [ 23, 25, 0 ], [ 24, 25, 2 ], [ 23, 25, 0 ], [ 21, 25, 3 ], [ 22, 25, 1 ], [ 21, 25, 3 ], [ 22, 25, 1 ], \r\n      [ 21, 25, 3 ], [ 23, 25, 0 ], [ 22, 25, 1 ], [ 23, 25, 0 ], [ 21, 25, 3 ], [ 24, 25, 2 ], [ 21, 25, 3 ], [ 23, 25, 0 ], [ 24, 25, 2 ], [ 23, 25, 0 ], [ 24, 25, 2 ], [ 23, 25, 0 ] ] ]');

--
-- Constraints for dumped tables
--

--
-- Constraints for table `automorphisms`
--
ALTER TABLE `automorphisms`
  ADD CONSTRAINT `automorphisms_ibfk_1` FOREIGN KEY (`group_id`) REFERENCES `groups` (`id`);

--
-- Constraints for table `weakorderings`
--
ALTER TABLE `weakorderings`
  ADD CONSTRAINT `weakorderings_ibfk_2` FOREIGN KEY (`automorphism_id`) REFERENCES `automorphisms` (`id`),
  ADD CONSTRAINT `weakorderings_ibfk_1` FOREIGN KEY (`group_id`) REFERENCES `groups` (`id`);

/*!40101 SET CHARACTER_SET_CLIENT=@OLD_CHARACTER_SET_CLIENT */;
/*!40101 SET CHARACTER_SET_RESULTS=@OLD_CHARACTER_SET_RESULTS */;
/*!40101 SET COLLATION_CONNECTION=@OLD_COLLATION_CONNECTION */;
