-- phpMyAdmin SQL Dump
-- version 3.5.0
-- http://www.phpmyadmin.net
--
-- Host: localhost
-- Generation Time: Jun 02, 2012 at 10:38 AM
-- Server version: 5.5.22-0ubuntu1
-- PHP Version: 5.3.10-1ubuntu3.1

SET SQL_MODE="NO_AUTO_VALUE_ON_ZERO";
SET time_zone = "+00:00";


/*!40101 SET @OLD_CHARACTER_SET_CLIENT=@@CHARACTER_SET_CLIENT */;
/*!40101 SET @OLD_CHARACTER_SET_RESULTS=@@CHARACTER_SET_RESULTS */;
/*!40101 SET @OLD_COLLATION_CONNECTION=@@COLLATION_CONNECTION */;
/*!40101 SET NAMES utf8 */;

--
-- Database: `coxeter`
--

-- --------------------------------------------------------

--
-- Table structure for table `automorphisms`
--

CREATE TABLE IF NOT EXISTS `automorphisms` (
  `id` int(11) NOT NULL AUTO_INCREMENT,
  `group_id` int(11) NOT NULL,
  `transpositions` text NOT NULL,
  PRIMARY KEY (`id`),
  KEY `group_id` (`group_id`)
) ENGINE=InnoDB  DEFAULT CHARSET=utf8 AUTO_INCREMENT=12 ;

--
-- Dumping data for table `automorphisms`
--

INSERT INTO `automorphisms` (`id`, `group_id`, `transpositions`) VALUES
(1, 3, '[]'),
(2, 3, '[[1,3]]'),
(3, 1, '[]'),
(4, 2, '[]'),
(5, 2, '[[1,2]]'),
(6, 4, '[]'),
(7, 4, '[[1,4],[2,3]]'),
(8, 5, '[]'),
(9, 5, '[[1,5],[2,4]]'),
(10, 6, '[]'),
(11, 6, '[[1,6],[2,5],[3,4]]');

-- --------------------------------------------------------

--
-- Table structure for table `groups`
--

CREATE TABLE IF NOT EXISTS `groups` (
  `id` int(11) NOT NULL AUTO_INCREMENT,
  `name` varchar(255) DEFAULT NULL,
  `rank` int(11) NOT NULL,
  `size` int(11) NOT NULL,
  `matrix` text NOT NULL,
  PRIMARY KEY (`id`)
) ENGINE=InnoDB  DEFAULT CHARSET=utf8 AUTO_INCREMENT=7 ;

--
-- Dumping data for table `groups`
--

INSERT INTO `groups` (`id`, `name`, `rank`, `size`, `matrix`) VALUES
(1, 'A_1', 1, 2, '[]'),
(2, 'A_2', 2, 6, '[3]'),
(3, 'A_3', 3, 24, '[3,2,3]'),
(4, 'A_4', 4, 120, '[3,2,2,3,2,3]'),
(5, 'A_5', 5, 720, '[3,2,2,2,3,2,2,3,2,3]'),
(6, 'A_6', 6, 5040, '[3,2,2,2,2,3,2,2,2,3,2,2,3,2,3]');

-- --------------------------------------------------------

--
-- Table structure for table `weakorderings`
--

CREATE TABLE IF NOT EXISTS `weakorderings` (
  `id` int(11) NOT NULL AUTO_INCREMENT,
  `group_id` int(11) NOT NULL,
  `automorphism_id` int(11) NOT NULL,
  `ordering` text NOT NULL,
  PRIMARY KEY (`id`),
  KEY `group_id` (`group_id`,`automorphism_id`),
  KEY `automorphism_id` (`automorphism_id`)
) ENGINE=InnoDB  DEFAULT CHARSET=utf8 AUTO_INCREMENT=13 ;

--
-- Dumping data for table `weakorderings`
--

INSERT INTO `weakorderings` (`id`, `group_id`, `automorphism_id`, `ordering`) VALUES
(2, 1, 3, '[ [ "s1" ], [ [ "e", 0 ], [ "s1", 1 ] ], [ [ 0, 1, 0 ] ] ]'),
(3, 2, 4, '[ [ "s1", "s2" ], [ [ "e", 0 ], [ "s1", 1 ], [ "s2", 1 ], [ "s2*s1*s2", 2 ] ], [ [ 0, 1, 0 ], [ 0, 2, 1 ], [ 1, 3, 1 ], [ 2, 3, 0 ] ] ]'),
(4, 2, 5, '[ [ "s1", "s2" ], [ [ "e", 0 ], [ "s2*s1", 1 ], [ "s1*s2", 1 ], [ "s2*s1*s2", 2 ] ], [ [ 0, 1, 0 ], [ 0, 2, 1 ], [ 1, 3, 1 ], [ 2, 3, 0 ] ] ]'),
(5, 3, 1, '[ [ "s1", "s2", "s3" ], [ [ "e", 0 ], [ "s1", 1 ], [ "s2", 1 ], [ "s3", 1 ], [ "s2*s1*s2", 2 ], [ "s1*s3", 2 ], [ "s3*s2*s3", 2 ], [ "s3*s2*s1*s2*s3", 3 ], [ "s2*s1*s3*s2", 3 ], [ "s3*s2*s1*s2*s3*s2", 4 ] ], [ [ 0, 1, 0 ], [ 0, 2, 1 ], [ 0, 3, 2 ], [ 1, 4, 1 ], [ 1, 5, 2 ], [ 2, 4, 0 ], [ 2, 6, 2 ], [ 3, 5, 0 ], [ 3, 6, 1 ], [ 4, 7, 2 ], [ 5, 8, 1 ], [ 6, 7, 0 ], [ 7, 9, 1 ], [ 8, 9, 0 ], [ 8, 9, 2 ] ] ]'),
(6, 3, 2, '[ [ "s1", "s2", "s3" ], [ [ "e", 0 ], [ "s3*s1", 1 ], [ "s2", 1 ], [ "s2*s3*s1*s2", 2 ], [ "s3*s2*s1", 2 ], [ "s1*s2*s3", 2 ], [ "s2*s3*s1*s2*s1", 3 ], [ "s2*s3*s1*s2*s3", 3 ], [ "s1*s3*s2*s1*s3", 3 ], [ "s2*s3*s1*s2*s1*s3", 4 ] ], [ [ 0, 1, 0 ], [ 0, 2, 1 ], [ 0, 1, 2 ], [ 1, 3, 1 ], [ 2, 4, 0 ], [ 2, 5, 2 ], [ 3, 6, 0 ], [ 3, 7, 2 ], [ 4, 6, 1 ], [ 4, 8, 2 ], [ 5, 8, 0 ], [ 5, 7, 1 ], [ 6, 9, 2 ], [ 7, 9, 0 ], [ 8, 9, 1 ] ] ]'),
(7, 4, 6, '[ [ "s1", "s2", "s3", "s4" ], [ [ "e", 0 ], [ "s1", 1 ], [ "s2", 1 ], [ "s3", 1 ], [ "s4", 1 ], [ "s2*s1*s2", 2 ], [ "s1*s3", 2 ], [ "s1*s4", 2 ], [ "s3*s2*s3", 2 ], [ "s2*s4", 2 ], [ "s4*s3*s4", 2 ], [ "s3*s2*s1*s2*s3", 3 ], [ "s2*s1*s2*s4", 3 ], [ "s2*s1*s3*s2", 3 ], [ "s4*s1*s3*s4", 3 ], [ "s4*s3*s2*s3*s4", 3 ], [ "s3*s2*s4*s3", 3 ], [ "s3*s2*s1*s2*s3*s2", 4 ], [ "s4*s3*s2*s1*s2*s3*s4", 4 ], [ "s3*s2*s1*s2*s4*s3", 4 ], [ "s4*s2*s1*s3*s2*s4", 4 ], [ "s4*s3*s2*s3*s4*s3", 4 ], [ "s4*s3*s2*s1*s2*s3*s2*s4", 5 ], [ "s4*s3*s2*s1*s2*s3*s4*s3", 5 ], [ "s2*s3*s2*s1*s2*s4*s3*s2", 5 ], [ "s3*s4*s3*s2*s1*s2*s3*s2*s4*s3", 6 ] ], [ [ 0, 1, 0 ], [ 0, 2, 1 ], [ 0, 3, 2 ], [ 0, 4, 3 ], [ 1, 5, 1 ], [ 1, 6, 2 ], [ 1, 7, 3 ], [ 2, 5, 0 ], [ 2, 8, 2 ], [ 2, 9, 3 ], [ 3, 6, 0 ], [ 3, 8, 1 ], [ 3, 10, 3 ], [ 4, 7, 0 ], [ 4, 9, 1 ], [ 4, 10, 2 ], [ 5, 11, 2 ], [ 5, 12, 3 ], [ 6, 13, 1 ], [ 6, 14, 3 ], [ 7, 12, 1 ], [ 7, 14, 2 ], [ 8, 11, 0 ], [ 8, 15, 3 ], [ 9, 12, 0 ], [ 9, 16, 2 ], [ 10, 14, 0 ], [ 10, 15, 1 ], [ 11, 17, 1 ], [ 11, 18, 3 ], [ 12, 19, 2 ], [ 13, 17, 0 ], [ 13, 17, 2 ], [ 13, 20, 3 ], [ 14, 20, 1 ], [ 15, 18, 0 ], [ 15, 21, 2 ], [ 16, 19, 0 ], [ 16, 21, 1 ], [ 16, 21, 3 ], [ 17, 22, 3 ], [ 18, 22, 1 ], [ 18, 23, 2 ], [ 19, 24, 1 ], [ 19, 23, 3 ], [ 20, 22, 0 ], [ 20, 24, 2 ], [ 21, 23, 0 ], [ 22, 25, 2 ], [ 23, 25, 1 ], [ 24, 25, 0 ], [ 24, 25, 3 ] ] ]'),
(8, 4, 7, '[ [ "s1", "s2", "s3", "s4" ], [ [ "e", 0 ], [ "s4*s1", 1 ], [ "s3*s2", 1 ], [ "s2*s3", 1 ], [ "s3*s4*s1*s2", 2 ], [ "s2*s4*s1*s3", 2 ], [ "s4*s3*s2*s1", 2 ], [ "s3*s2*s3", 2 ], [ "s1*s2*s3*s4", 2 ], [ "s4*s3*s4*s1*s2*s1", 3 ], [ "s2*s3*s4*s1*s2*s3", 3 ], [ "s3*s2*s4*s1*s3*s2", 3 ], [ "s1*s2*s4*s1*s3*s4", 3 ], [ "s4*s3*s2*s1*s3", 3 ], [ "s1*s3*s2*s3*s4", 3 ], [ "s2*s4*s3*s4*s1*s2*s1*s3", 4 ], [ "s3*s2*s3*s4*s1*s2*s3*s2", 4 ], [ "s2*s3*s4*s1*s2*s3*s4", 4 ], [ "s3*s2*s4*s1*s3*s2*s1", 4 ], [ "s1*s3*s2*s4*s1*s3*s2*s4", 4 ], [ "s1*s4*s3*s2*s1*s3*s4", 4 ], [ "s2*s4*s3*s4*s1*s2*s1*s3*s2", 5 ], [ "s2*s4*s3*s4*s1*s2*s1*s3*s4", 5 ], [ "s3*s2*s3*s4*s1*s2*s3*s2*s4", 5 ], [ "s1*s3*s2*s4*s1*s3*s2*s1*s4", 5 ], [ "s2*s4*s3*s4*s1*s2*s1*s3*s2*s4", 6 ] ], [ [ 0, 1, 0 ], [ 0, 2, 1 ], [ 0, 3, 2 ], [ 0, 1, 3 ], [ 1, 4, 1 ], [ 1, 5, 2 ], [ 2, 6, 0 ], [ 2, 7, 2 ], [ 2, 4, 3 ], [ 3, 5, 0 ], [ 3, 7, 1 ], [ 3, 8, 3 ], [ 4, 9, 0 ], [ 4, 10, 2 ], [ 5, 11, 1 ], [ 5, 12, 3 ], [ 6, 9, 1 ], [ 6, 13, 2 ], [ 6, 9, 3 ], [ 7, 13, 0 ], [ 7, 14, 3 ], [ 8, 12, 0 ], [ 8, 14, 1 ], [ 8, 12, 2 ], [ 9, 15, 2 ], [ 10, 15, 0 ], [ 10, 16, 1 ], [ 10, 17, 3 ], [ 11, 18, 0 ], [ 11, 16, 2 ], [ 11, 19, 3 ], [ 12, 19, 1 ], [ 13, 18, 1 ], [ 13, 20, 3 ], [ 14, 20, 0 ], [ 14, 17, 2 ], [ 15, 21, 1 ], [ 15, 22, 3 ], [ 16, 21, 0 ], [ 16, 23, 3 ], [ 17, 22, 0 ], [ 17, 23, 1 ], [ 18, 21, 2 ], [ 18, 24, 3 ], [ 19, 24, 0 ], [ 19, 23, 2 ], [ 20, 24, 1 ], [ 20, 22, 2 ], [ 21, 25, 3 ], [ 22, 25, 1 ], [ 23, 25, 0 ], [ 24, 25, 2 ] ] ]\r\n'),
(9, 5, 8, '[ [ "s1", "s2", "s3", "s4", "s5" ], [ [ "e", 0 ], [ "s1", 1 ], [ "s2", 1 ], [ "s3", 1 ], [ "s4", 1 ], [ "s5", 1 ], [ "s2*s1*s2", 2 ], [ "s1*s3", 2 ], [ "s1*s4", 2 ], [ "s1*s5", 2 ], [ "s3*s2*s3", 2 ], [ "s2*s4", 2 ], [ "s2*s5", 2 ], [ "s4*s3*s4", 2 ], [ "s3*s5", 2 ], [ "s5*s4*s5", 2 ], [ "s3*s2*s1*s2*s3", 3 ], [ "s2*s1*s2*s4", 3 ], [ "s2*s1*s2*s5", 3 ], [ "s2*s1*s3*s2", 3 ], [ "s4*s1*s3*s4", 3 ], [ "s1*s3*s5", 3 ], [ "s5*s1*s4*s5", 3 ], [ "s4*s3*s2*s3*s4", 3 ], [ "s3*s2*s3*s5", 3 ], [ "s3*s2*s4*s3", 3 ], [ "s5*s2*s4*s5", 3 ], [ "s5*s4*s3*s4*s5", 3 ], [ "s4*s3*s5*s4", 3 ], [ "s3*s2*s1*s2*s3*s2", 4 ], [ "s4*s3*s2*s1*s2*s3*s4", 4 ], [ "s3*s2*s1*s2*s3*s5", 4 ], [ "s3*s2*s1*s2*s4*s3", 4 ], [ "s5*s2*s1*s2*s4*s5", 4 ], [ "s4*s2*s1*s3*s2*s4", 4 ], [ "s2*s1*s3*s2*s5", 4 ], [ "s5*s4*s1*s3*s4*s5", 4 ], [ "s4*s1*s3*s5*s4", 4 ], [ "s4*s3*s2*s3*s4*s3", 4 ], [ "s5*s4*s3*s2*s3*s4*s5", 4 ], [ "s4*s3*s2*s3*s5*s4", 4 ], [ "s5*s3*s2*s4*s3*s5", 4 ], [ "s5*s4*s3*s4*s5*s4", 4 ], [ "s4*s3*s2*s1*s2*s3*s2*s4", 5 ], [ "s3*s2*s1*s2*s3*s2*s5", 5 ], [ "s4*s3*s2*s1*s2*s3*s4*s3", 5 ], [ "s5*s4*s3*s2*s1*s2*s3*s4*s5", 5 ], [ "s4*s3*s2*s1*s2*s3*s5*s4", 5 ], [ "s2*s3*s2*s1*s2*s4*s3*s2", 5 ], [ "s5*s3*s2*s1*s2*s4*s3*s5", 5 ], [ "s5*s4*s2*s1*s3*s2*s4*s5", 5 ], [ "s4*s2*s1*s3*s2*s5*s4", 5 ], [ "s5*s4*s1*s3*s4*s5*s4", 5 ], [ "s5*s4*s3*s2*s3*s4*s3*s5", 5 ], [ "s5*s4*s3*s2*s3*s4*s5*s4", 5 ], [ "s3*s4*s3*s2*s3*s5*s4*s3", 5 ], [ "s3*s4*s3*s2*s1*s2*s3*s2*s4*s3", 6 ], [ "s5*s4*s3*s2*s1*s2*s3*s2*s4*s5", 6 ], [ "s4*s3*s2*s1*s2*s3*s2*s5*s4", 6 ], [ "s5*s4*s3*s2*s1*s2*s3*s4*s3*s5", 6 ], [ "s5*s4*s3*s2*s1*s2*s3*s4*s5*s4", 6 ], [ "s3*s4*s3*s2*s1*s2*s3*s5*s4*s3", 6 ], [ "s5*s2*s3*s2*s1*s2*s4*s3*s2*s5", 6 ], [ "s5*s4*s2*s1*s3*s2*s4*s5*s4", 6 ], [ "s3*s4*s2*s1*s3*s2*s5*s4*s3", 6 ], [ "s4*s5*s4*s3*s2*s3*s4*s3*s5*s4", 6 ], [ "s5*s3*s4*s3*s2*s1*s2*s3*s2*s4*s3*s5", 7 ], [ "s5*s4*s3*s2*s1*s2*s3*s2*s4*s5*s4", 7 ], [ "s3*s4*s3*s2*s1*s2*s3*s2*s5*s4*s3", 7 ], [ "s4*s5*s4*s3*s2*s1*s2*s3*s4*s3*s5*s4", 7 ], [ "s2*s3*s4*s3*s2*s1*s2*s3*s5*s4*s3*s2", 7 ], [ "s3*s5*s4*s2*s1*s3*s2*s4*s5*s4*s3", 7 ], [ "s4*s5*s3*s4*s3*s2*s1*s2*s3*s2*s4*s3*s5*s4", 8 ], [ "s3*s5*s4*s3*s2*s1*s2*s3*s2*s4*s5*s4*s3", 8 ], [ "s2*s3*s4*s3*s2*s1*s2*s3*s2*s5*s4*s3*s2", 8 ], [ "s4*s5*s3*s4*s3*s2*s1*s2*s3*s2*s4*s3*s5*s4*s3", 9 ] ], [ [ 0, 1, 0 ], [ 0, 2, 1 ], [ 0, 3, 2 ], [ 0, 4, 3 ], [ 0, 5, 4 ], [ 1, 6, 1 ], [ 1, 7, 2 ], [ 1, 8, 3 ], [ 1, 9, 4 ], [ 2, 6, 0 ], [ 2, 10, 2 ], [ 2, 11, 3 ], [ 2, 12, 4 ], [ 3, 7, 0 ], [ 3, 10, 1 ], [ 3, 13, 3 ], [ 3, 14, 4 ], [ 4, 8, 0 ], [ 4, 11, 1 ], [ 4, 13, 2 ], [ 4, 15, 4 ], [ 5, 9, 0 ], [ 5, 12, 1 ], [ 5, 14, 2 ], [ 5, 15, 3 ], [ 6, 16, 2 ], [ 6, 17, 3 ], [ 6, 18, 4 ], [ 7, 19, 1 ], [ 7, 20, 3 ], [ 7, 21, 4 ], [ 8, 17, 1 ], [ 8, 20, 2 ], [ 8, 22, 4 ], [ 9, 18, 1 ], [ 9, 21, 2 ], [ 9, 22, 3 ], [ 10, 16, 0 ], [ 10, 23, 3 ], [ 10, 24, 4 ], [ 11, 17, 0 ], [ 11, 25, 2 ], [ 11, 26, 4 ], [ 12, 18, 0 ], [ 12, 24, 2 ], [ 12, 26, 3 ], [ 13, 20, 0 ], [ 13, 23, 1 ], [ 13, 27, 4 ], [ 14, 21, 0 ], [ 14, 24, 1 ], [ 14, 28, 3 ], [ 15, 22, 0 ], [ 15, 26, 1 ], [ 15, 27, 2 ], [ 16, 29, 1 ], [ 16, 30, 3 ], [ 16, 31, 4 ], [ 17, 32, 2 ], [ 17, 33, 4 ], [ 18, 31, 2 ], [ 18, 33, 3 ], [ 19, 29, 0 ], [ 19, 29, 2 ], [ 19, 34, 3 ], [ 19, 35, 4 ], [ 20, 34, 1 ], [ 20, 36, 4 ], [ 21, 35, 1 ], [ 21, 37, 3 ], [ 22, 33, 1 ], [ 22, 36, 2 ], [ 23, 30, 0 ], [ 23, 38, 2 ], [ 23, 39, 4 ], [ 24, 31, 0 ], [ 24, 40, 3 ], [ 25, 32, 0 ], [ 25, 38, 1 ], [ 25, 38, 3 ], [ 25, 41, 4 ], [ 26, 33, 0 ], [ 26, 41, 2 ], [ 27, 36, 0 ], [ 27, 39, 1 ], [ 27, 42, 3 ], [ 28, 37, 0 ], [ 28, 40, 1 ], [ 28, 42, 2 ], [ 28, 42, 4 ], [ 29, 43, 3 ], [ 29, 44, 4 ], [ 30, 43, 1 ], [ 30, 45, 2 ], [ 30, 46, 4 ], [ 31, 44, 1 ], [ 31, 47, 3 ], [ 32, 48, 1 ], [ 32, 45, 3 ], [ 32, 49, 4 ], [ 33, 49, 2 ], [ 34, 43, 0 ], [ 34, 48, 2 ], [ 34, 50, 4 ], [ 35, 44, 0 ], [ 35, 44, 2 ], [ 35, 51, 3 ], [ 36, 50, 1 ], [ 36, 52, 3 ], [ 37, 51, 1 ], [ 37, 52, 2 ], [ 37, 52, 4 ], [ 38, 45, 0 ], [ 38, 53, 4 ], [ 39, 46, 0 ], [ 39, 53, 2 ], [ 39, 54, 3 ], [ 40, 47, 0 ], [ 40, 55, 2 ], [ 40, 54, 4 ], [ 41, 49, 0 ], [ 41, 53, 1 ], [ 41, 55, 3 ], [ 42, 52, 0 ], [ 42, 54, 1 ], [ 43, 56, 2 ], [ 43, 57, 4 ], [ 44, 58, 3 ], [ 45, 56, 1 ], [ 45, 59, 4 ], [ 46, 57, 1 ], [ 46, 59, 2 ], [ 46, 60, 3 ], [ 47, 58, 1 ], [ 47, 61, 2 ], [ 47, 60, 4 ], [ 48, 56, 0 ], [ 48, 56, 3 ], [ 48, 62, 4 ], [ 49, 62, 1 ], [ 49, 61, 3 ], [ 50, 57, 0 ], [ 50, 62, 2 ], [ 50, 63, 3 ], [ 51, 58, 0 ], [ 51, 64, 2 ], [ 51, 63, 4 ], [ 52, 63, 1 ], [ 53, 59, 0 ], [ 53, 65, 3 ], [ 54, 60, 0 ], [ 54, 65, 2 ], [ 55, 61, 0 ], [ 55, 65, 1 ], [ 55, 65, 4 ], [ 56, 66, 4 ], [ 57, 66, 2 ], [ 57, 67, 3 ], [ 58, 68, 2 ], [ 58, 67, 4 ], [ 59, 66, 1 ], [ 59, 69, 3 ], [ 60, 67, 1 ], [ 60, 69, 2 ], [ 61, 70, 1 ], [ 61, 69, 4 ], [ 62, 66, 0 ], [ 62, 70, 3 ], [ 63, 67, 0 ], [ 63, 71, 2 ], [ 64, 68, 0 ], [ 64, 71, 1 ], [ 64, 68, 3 ], [ 64, 71, 4 ], [ 65, 69, 0 ], [ 66, 72, 3 ], [ 67, 73, 2 ], [ 68, 74, 1 ], [ 68, 73, 4 ], [ 69, 72, 1 ], [ 70, 72, 0 ], [ 70, 74, 2 ], [ 70, 72, 4 ], [ 71, 73, 0 ], [ 71, 74, 3 ], [ 72, 75, 2 ], [ 73, 75, 1 ], [ 73, 75, 3 ], [ 74, 75, 0 ], [ 74, 75, 4 ] ] ]'),
(10, 5, 9, '[ [ "s1", "s2", "s3", "s4", "s5" ], [ [ "e", 0 ], [ "s5*s1", 1 ], [ "s4*s2", 1 ], [ "s3", 1 ], [ "s4*s5*s1*s2", 2 ], [ "s5*s1*s3", 2 ], [ "s2*s5*s1*s4", 2 ], [ "s3*s4*s2*s3", 2 ], [ "s4*s3*s2", 2 ], [ "s2*s3*s4", 2 ], [ "s5*s4*s5*s1*s2*s1", 3 ], [ "s3*s4*s5*s1*s2*s3", 3 ], [ "s4*s5*s1*s3*s2", 3 ], [ "s2*s5*s1*s3*s4", 3 ], [ "s3*s2*s5*s1*s4*s3", 3 ], [ "s3*s4*s2*s3*s2", 3 ], [ "s3*s4*s2*s3*s4", 3 ], [ "s5*s4*s3*s2*s1", 3 ], [ "s2*s4*s3*s2*s4", 3 ], [ "s1*s2*s3*s4*s5", 3 ], [ "s3*s5*s4*s5*s1*s2*s1*s3", 4 ], [ "s3*s4*s5*s1*s2*s3*s2", 4 ], [ "s2*s3*s4*s5*s1*s2*s3*s4", 4 ], [ "s5*s4*s5*s1*s3*s2*s1", 4 ], [ "s2*s4*s5*s1*s3*s2*s4", 4 ], [ "s3*s2*s5*s1*s3*s4*s3", 4 ], [ "s1*s2*s5*s1*s3*s4*s5", 4 ], [ "s4*s3*s2*s5*s1*s4*s3*s2", 4 ], [ "s5*s3*s4*s2*s3*s2*s1", 4 ], [ "s3*s4*s2*s3*s2*s4", 4 ], [ "s1*s3*s4*s2*s3*s4*s5", 4 ], [ "s2*s5*s4*s3*s2*s1*s4", 4 ], [ "s1*s2*s4*s3*s2*s4*s5", 4 ], [ "s4*s3*s5*s4*s5*s1*s2*s1*s3*s2", 5 ], [ "s2*s3*s5*s4*s5*s1*s2*s1*s3*s4", 5 ], [ "s5*s3*s4*s5*s1*s2*s3*s2*s1", 5 ], [ "s2*s3*s4*s5*s1*s2*s3*s2*s4", 5 ], [ "s2*s3*s4*s5*s1*s2*s3*s4*s5", 5 ], [ "s2*s5*s4*s5*s1*s3*s2*s1*s4", 5 ], [ "s3*s2*s4*s5*s1*s3*s2*s4*s3", 5 ], [ "s1*s2*s4*s5*s1*s3*s2*s4*s5", 5 ], [ "s4*s3*s2*s5*s1*s3*s4*s3*s2", 5 ], [ "s1*s3*s2*s5*s1*s3*s4*s3*s5", 5 ], [ "s4*s3*s2*s5*s1*s4*s3*s2*s1", 5 ], [ "s5*s3*s4*s2*s3*s2*s1*s4", 5 ], [ "s1*s3*s4*s2*s3*s2*s4*s5", 5 ], [ "s1*s2*s5*s4*s3*s2*s1*s4*s5", 5 ], [ "s4*s3*s5*s4*s5*s1*s2*s1*s3*s2*s1", 6 ], [ "s2*s4*s3*s5*s4*s5*s1*s2*s1*s3*s2*s4", 6 ], [ "s2*s3*s5*s4*s5*s1*s2*s1*s3*s4*s5", 6 ], [ "s2*s5*s3*s4*s5*s1*s2*s3*s2*s1*s4", 6 ], [ "s3*s2*s3*s4*s5*s1*s2*s3*s2*s4*s3", 6 ], [ "s2*s3*s4*s5*s1*s2*s3*s2*s4*s5", 6 ], [ "s3*s2*s5*s4*s5*s1*s3*s2*s1*s4*s3", 6 ], [ "s1*s2*s5*s4*s5*s1*s3*s2*s1*s4*s5", 6 ], [ "s4*s3*s2*s4*s5*s1*s3*s2*s4*s3*s2", 6 ], [ "s1*s3*s2*s4*s5*s1*s3*s2*s4*s3*s5", 6 ], [ "s4*s3*s2*s5*s1*s3*s4*s3*s2*s1", 6 ], [ "s1*s4*s3*s2*s5*s1*s3*s4*s3*s2*s5", 6 ], [ "s1*s5*s3*s4*s2*s3*s2*s1*s4*s5", 6 ], [ "s2*s4*s3*s5*s4*s5*s1*s2*s1*s3*s2*s1*s4", 7 ], [ "s2*s4*s3*s5*s4*s5*s1*s2*s1*s3*s2*s4*s3", 7 ], [ "s2*s4*s3*s5*s4*s5*s1*s2*s1*s3*s2*s4*s5", 7 ], [ "s3*s2*s5*s3*s4*s5*s1*s2*s3*s2*s1*s4*s3", 7 ], [ "s2*s5*s3*s4*s5*s1*s2*s3*s2*s1*s4*s5", 7 ], [ "s3*s2*s3*s4*s5*s1*s2*s3*s2*s4*s3*s5", 7 ], [ "s3*s2*s5*s4*s5*s1*s3*s2*s1*s4*s3*s2", 7 ], [ "s1*s3*s2*s5*s4*s5*s1*s3*s2*s1*s4*s3*s5", 7 ], [ "s1*s4*s3*s2*s4*s5*s1*s3*s2*s4*s3*s2*s5", 7 ], [ "s1*s4*s3*s2*s5*s1*s3*s4*s3*s2*s1*s5", 7 ], [ "s2*s4*s3*s5*s4*s5*s1*s2*s1*s3*s2*s1*s4*s3", 8 ], [ "s2*s4*s3*s5*s4*s5*s1*s2*s1*s3*s2*s1*s4*s5", 8 ], [ "s2*s4*s3*s5*s4*s5*s1*s2*s1*s3*s2*s4*s3*s5", 8 ], [ "s3*s2*s5*s3*s4*s5*s1*s2*s3*s2*s1*s4*s3*s5", 8 ], [ "s1*s3*s2*s5*s4*s5*s1*s3*s2*s1*s4*s3*s2*s5", 8 ], [ "s2*s4*s3*s5*s4*s5*s1*s2*s1*s3*s2*s1*s4*s3*s5", 9 ] ], [ [ 0, 1, 0 ], [ 0, 2, 1 ], [ 0, 3, 2 ], [ 0, 2, 3 ], [ 0, 1, 4 ], [ 1, 4, 1 ], [ 1, 5, 2 ], [ 1, 6, 3 ], [ 2, 6, 0 ], [ 2, 7, 2 ], [ 2, 4, 4 ], [ 3, 5, 0 ], [ 3, 8, 1 ], [ 3, 9, 3 ], [ 3, 5, 4 ], [ 4, 10, 0 ], [ 4, 11, 2 ], [ 4, 10, 3 ], [ 5, 12, 1 ], [ 5, 13, 3 ], [ 6, 10, 1 ], [ 6, 14, 2 ], [ 6, 10, 4 ], [ 7, 14, 0 ], [ 7, 15, 1 ], [ 7, 16, 3 ], [ 7, 11, 4 ], [ 8, 17, 0 ], [ 8, 15, 2 ], [ 8, 18, 3 ], [ 8, 12, 4 ], [ 9, 13, 0 ], [ 9, 18, 1 ], [ 9, 16, 2 ], [ 9, 19, 4 ], [ 10, 20, 2 ], [ 11, 20, 0 ], [ 11, 21, 1 ], [ 11, 22, 3 ], [ 12, 23, 0 ], [ 12, 21, 2 ], [ 12, 24, 3 ], [ 13, 24, 1 ], [ 13, 25, 2 ], [ 13, 26, 4 ], [ 14, 27, 1 ], [ 14, 25, 3 ], [ 14, 20, 4 ], [ 15, 28, 0 ], [ 15, 29, 3 ], [ 15, 21, 4 ], [ 16, 25, 0 ], [ 16, 29, 1 ], [ 16, 30, 4 ], [ 17, 23, 1 ], [ 17, 28, 2 ], [ 17, 31, 3 ], [ 17, 23, 4 ], [ 18, 31, 0 ], [ 18, 29, 2 ], [ 18, 32, 4 ], [ 19, 26, 0 ], [ 19, 32, 1 ], [ 19, 30, 2 ], [ 19, 26, 3 ], [ 20, 33, 1 ], [ 20, 34, 3 ], [ 21, 35, 0 ], [ 21, 36, 3 ], [ 22, 34, 0 ], [ 22, 36, 1 ], [ 22, 34, 2 ], [ 22, 37, 4 ], [ 23, 35, 2 ], [ 23, 38, 3 ], [ 24, 38, 0 ], [ 24, 39, 2 ], [ 24, 40, 4 ], [ 25, 41, 1 ], [ 25, 42, 4 ], [ 26, 40, 1 ], [ 26, 42, 2 ], [ 27, 43, 0 ], [ 27, 33, 2 ], [ 27, 41, 3 ], [ 27, 33, 4 ], [ 28, 43, 1 ], [ 28, 44, 3 ], [ 28, 35, 4 ], [ 29, 44, 0 ], [ 29, 45, 4 ], [ 30, 42, 0 ], [ 30, 45, 1 ], [ 30, 37, 3 ], [ 31, 38, 1 ], [ 31, 44, 2 ], [ 31, 46, 4 ], [ 32, 46, 0 ], [ 32, 45, 2 ], [ 32, 40, 3 ], [ 33, 47, 0 ], [ 33, 48, 3 ], [ 34, 48, 1 ], [ 34, 49, 4 ], [ 35, 47, 1 ], [ 35, 50, 3 ], [ 36, 50, 0 ], [ 36, 51, 2 ], [ 36, 52, 4 ], [ 37, 49, 0 ], [ 37, 52, 1 ], [ 37, 49, 2 ], [ 38, 53, 2 ], [ 38, 54, 4 ], [ 39, 53, 0 ], [ 39, 55, 1 ], [ 39, 51, 3 ], [ 39, 56, 4 ], [ 40, 54, 0 ], [ 40, 56, 2 ], [ 41, 57, 0 ], [ 41, 55, 2 ], [ 41, 58, 4 ], [ 42, 58, 1 ], [ 42, 49, 3 ], [ 43, 47, 2 ], [ 43, 57, 3 ], [ 43, 47, 4 ], [ 44, 57, 1 ], [ 44, 59, 4 ], [ 45, 59, 0 ], [ 45, 52, 3 ], [ 46, 54, 1 ], [ 46, 59, 2 ], [ 46, 54, 3 ], [ 47, 60, 3 ], [ 48, 60, 0 ], [ 48, 61, 2 ], [ 48, 62, 4 ], [ 49, 62, 1 ], [ 50, 60, 1 ], [ 50, 63, 2 ], [ 50, 64, 4 ], [ 51, 63, 0 ], [ 51, 61, 1 ], [ 51, 65, 4 ], [ 52, 64, 0 ], [ 52, 65, 2 ], [ 53, 66, 1 ], [ 53, 63, 3 ], [ 53, 67, 4 ], [ 54, 67, 2 ], [ 55, 66, 0 ], [ 55, 61, 3 ], [ 55, 68, 4 ], [ 56, 67, 0 ], [ 56, 68, 1 ], [ 56, 65, 3 ], [ 57, 66, 2 ], [ 57, 69, 4 ], [ 58, 69, 0 ], [ 58, 68, 2 ], [ 58, 62, 3 ], [ 59, 69, 1 ], [ 59, 64, 3 ], [ 60, 70, 2 ], [ 60, 71, 4 ], [ 61, 70, 0 ], [ 61, 72, 4 ], [ 62, 71, 0 ], [ 62, 72, 2 ], [ 63, 70, 1 ], [ 63, 73, 4 ], [ 64, 71, 1 ], [ 64, 73, 2 ], [ 65, 73, 0 ], [ 65, 72, 1 ], [ 66, 70, 3 ], [ 66, 74, 4 ], [ 67, 74, 1 ], [ 67, 73, 3 ], [ 68, 74, 0 ], [ 68, 72, 3 ], [ 69, 74, 2 ], [ 69, 71, 3 ], [ 70, 75, 4 ], [ 71, 75, 2 ], [ 72, 75, 0 ], [ 73, 75, 1 ], [ 74, 75, 3 ] ] ]'),
(11, 6, 10, '[ [ "s1", "s2", "s3", "s4", "s5", "s6" ], [ [ "e", 0 ], [ "s1", 1 ], [ "s2", 1 ], [ "s3", 1 ], [ "s4", 1 ], [ "s5", 1 ], [ "s6", 1 ], [ "s2*s1*s2", 2 ], [ "s1*s3", 2 ], [ "s1*s4", 2 ], [ "s1*s5", 2 ], [ "s1*s6", 2 ], [ "s3*s2*s3", 2 ], [ "s2*s4", 2 ], [ "s2*s5", 2 ], [ "s2*s6", 2 ], [ "s4*s3*s4", 2 ], [ "s3*s5", 2 ], [ "s3*s6", 2 ], [ "s5*s4*s5", 2 ], [ "s4*s6", 2 ], [ "s6*s5*s6", 2 ], [ "s3*s2*s1*s2*s3", 3 ], [ "s2*s1*s2*s4", 3 ], [ "s2*s1*s2*s5", 3 ], [ "s2*s1*s2*s6", 3 ], [ "s2*s1*s3*s2", 3 ], [ "s4*s1*s3*s4", 3 ], [ "s1*s3*s5", 3 ], [ "s1*s3*s6", 3 ], [ "s5*s1*s4*s5", 3 ], [ "s1*s4*s6", 3 ], [ "s6*s1*s5*s6", 3 ], [ "s4*s3*s2*s3*s4", 3 ], [ "s3*s2*s3*s5", 3 ], [ "s3*s2*s3*s6", 3 ], [ "s3*s2*s4*s3", 3 ], [ "s5*s2*s4*s5", 3 ], [ "s2*s4*s6", 3 ], [ "s6*s2*s5*s6", 3 ], [ "s5*s4*s3*s4*s5", 3 ], [ "s4*s3*s4*s6", 3 ], [ "s4*s3*s5*s4", 3 ], [ "s6*s3*s5*s6", 3 ], [ "s6*s5*s4*s5*s6", 3 ], [ "s5*s4*s6*s5", 3 ], [ "s3*s2*s1*s2*s3*s2", 4 ], [ "s4*s3*s2*s1*s2*s3*s4", 4 ], [ "s3*s2*s1*s2*s3*s5", 4 ], [ "s3*s2*s1*s2*s3*s6", 4 ], [ "s3*s2*s1*s2*s4*s3", 4 ], [ "s5*s2*s1*s2*s4*s5", 4 ], [ "s2*s1*s2*s4*s6", 4 ], [ "s6*s2*s1*s2*s5*s6", 4 ], [ "s4*s2*s1*s3*s2*s4", 4 ], [ "s2*s1*s3*s2*s5", 4 ], [ "s2*s1*s3*s2*s6", 4 ], [ "s5*s4*s1*s3*s4*s5", 4 ], [ "s4*s1*s3*s4*s6", 4 ], [ "s4*s1*s3*s5*s4", 4 ], [ "s6*s1*s3*s5*s6", 4 ], [ "s6*s5*s1*s4*s5*s6", 4 ], [ "s5*s1*s4*s6*s5", 4 ], [ "s4*s3*s2*s3*s4*s3", 4 ], [ "s5*s4*s3*s2*s3*s4*s5", 4 ], [ "s4*s3*s2*s3*s4*s6", 4 ], [ "s4*s3*s2*s3*s5*s4", 4 ], [ "s6*s3*s2*s3*s5*s6", 4 ], [ "s5*s3*s2*s4*s3*s5", 4 ], [ "s3*s2*s4*s3*s6", 4 ], [ "s6*s5*s2*s4*s5*s6", 4 ], [ "s5*s2*s4*s6*s5", 4 ], [ "s5*s4*s3*s4*s5*s4", 4 ], [ "s6*s5*s4*s3*s4*s5*s6", 4 ], [ "s5*s4*s3*s4*s6*s5", 4 ], [ "s6*s4*s3*s5*s4*s6", 4 ], [ "s6*s5*s4*s5*s6*s5", 4 ], [ "s4*s3*s2*s1*s2*s3*s2*s4", 5 ], [ "s3*s2*s1*s2*s3*s2*s5", 5 ], [ "s3*s2*s1*s2*s3*s2*s6", 5 ], [ "s4*s3*s2*s1*s2*s3*s4*s3", 5 ], [ "s5*s4*s3*s2*s1*s2*s3*s4*s5", 5 ], [ "s4*s3*s2*s1*s2*s3*s4*s6", 5 ], [ "s4*s3*s2*s1*s2*s3*s5*s4", 5 ], [ "s6*s3*s2*s1*s2*s3*s5*s6", 5 ], [ "s2*s3*s2*s1*s2*s4*s3*s2", 5 ], [ "s5*s3*s2*s1*s2*s4*s3*s5", 5 ], [ "s3*s2*s1*s2*s4*s3*s6", 5 ], [ "s6*s5*s2*s1*s2*s4*s5*s6", 5 ], [ "s5*s2*s1*s2*s4*s6*s5", 5 ], [ "s5*s4*s2*s1*s3*s2*s4*s5", 5 ], [ "s4*s2*s1*s3*s2*s4*s6", 5 ], [ "s4*s2*s1*s3*s2*s5*s4", 5 ], [ "s6*s2*s1*s3*s2*s5*s6", 5 ], [ "s5*s4*s1*s3*s4*s5*s4", 5 ], [ "s6*s5*s4*s1*s3*s4*s5*s6", 5 ], [ "s5*s4*s1*s3*s4*s6*s5", 5 ], [ "s6*s4*s1*s3*s5*s4*s6", 5 ], [ "s6*s5*s1*s4*s5*s6*s5", 5 ], [ "s5*s4*s3*s2*s3*s4*s3*s5", 5 ], [ "s4*s3*s2*s3*s4*s3*s6", 5 ], [ "s5*s4*s3*s2*s3*s4*s5*s4", 5 ], [ "s6*s5*s4*s3*s2*s3*s4*s5*s6", 5 ], [ "s5*s4*s3*s2*s3*s4*s6*s5", 5 ], [ "s3*s4*s3*s2*s3*s5*s4*s3", 5 ], [ "s6*s4*s3*s2*s3*s5*s4*s6", 5 ], [ "s6*s5*s3*s2*s4*s3*s5*s6", 5 ], [ "s5*s3*s2*s4*s3*s6*s5", 5 ], [ "s6*s5*s2*s4*s5*s6*s5", 5 ], [ "s6*s5*s4*s3*s4*s5*s4*s6", 5 ], [ "s6*s5*s4*s3*s4*s5*s6*s5", 5 ], [ "s4*s5*s4*s3*s4*s6*s5*s4", 5 ], [ "s3*s4*s3*s2*s1*s2*s3*s2*s4*s3", 6 ], [ "s5*s4*s3*s2*s1*s2*s3*s2*s4*s5", 6 ], [ "s4*s3*s2*s1*s2*s3*s2*s4*s6", 6 ], [ "s4*s3*s2*s1*s2*s3*s2*s5*s4", 6 ], [ "s6*s3*s2*s1*s2*s3*s2*s5*s6", 6 ], [ "s5*s4*s3*s2*s1*s2*s3*s4*s3*s5", 6 ], [ "s4*s3*s2*s1*s2*s3*s4*s3*s6", 6 ], [ "s5*s4*s3*s2*s1*s2*s3*s4*s5*s4", 6 ], [ "s6*s5*s4*s3*s2*s1*s2*s3*s4*s5*s6", 6 ], [ "s5*s4*s3*s2*s1*s2*s3*s4*s6*s5", 6 ], [ "s3*s4*s3*s2*s1*s2*s3*s5*s4*s3", 6 ], [ "s6*s4*s3*s2*s1*s2*s3*s5*s4*s6", 6 ], [ "s5*s2*s3*s2*s1*s2*s4*s3*s2*s5", 6 ], [ "s2*s3*s2*s1*s2*s4*s3*s2*s6", 6 ], [ "s6*s5*s3*s2*s1*s2*s4*s3*s5*s6", 6 ], [ "s5*s3*s2*s1*s2*s4*s3*s6*s5", 6 ], [ "s6*s5*s2*s1*s2*s4*s5*s6*s5", 6 ], [ "s5*s4*s2*s1*s3*s2*s4*s5*s4", 6 ], [ "s6*s5*s4*s2*s1*s3*s2*s4*s5*s6", 6 ], [ "s5*s4*s2*s1*s3*s2*s4*s6*s5", 6 ], [ "s3*s4*s2*s1*s3*s2*s5*s4*s3", 6 ], [ "s6*s4*s2*s1*s3*s2*s5*s4*s6", 6 ], [ "s6*s5*s4*s1*s3*s4*s5*s4*s6", 6 ], [ "s6*s5*s4*s1*s3*s4*s5*s6*s5", 6 ], [ "s4*s5*s4*s1*s3*s4*s6*s5*s4", 6 ], [ "s4*s5*s4*s3*s2*s3*s4*s3*s5*s4", 6 ], [ "s6*s5*s4*s3*s2*s3*s4*s3*s5*s6", 6 ], [ "s5*s4*s3*s2*s3*s4*s3*s6*s5", 6 ], [ "s6*s5*s4*s3*s2*s3*s4*s5*s4*s6", 6 ], [ "s6*s5*s4*s3*s2*s3*s4*s5*s6*s5", 6 ], [ "s4*s5*s4*s3*s2*s3*s4*s6*s5*s4", 6 ], [ "s6*s3*s4*s3*s2*s3*s5*s4*s3*s6", 6 ], [ "s6*s5*s3*s2*s4*s3*s5*s6*s5", 6 ], [ "s4*s5*s3*s2*s4*s3*s6*s5*s4", 6 ], [ "s5*s6*s5*s4*s3*s4*s5*s4*s6*s5", 6 ], [ "s5*s3*s4*s3*s2*s1*s2*s3*s2*s4*s3*s5", 7 ], [ "s3*s4*s3*s2*s1*s2*s3*s2*s4*s3*s6", 7 ], [ "s5*s4*s3*s2*s1*s2*s3*s2*s4*s5*s4", 7 ], [ "s6*s5*s4*s3*s2*s1*s2*s3*s2*s4*s5*s6", 7 ], [ "s5*s4*s3*s2*s1*s2*s3*s2*s4*s6*s5", 7 ], [ "s3*s4*s3*s2*s1*s2*s3*s2*s5*s4*s3", 7 ], [ "s6*s4*s3*s2*s1*s2*s3*s2*s5*s4*s6", 7 ], [ "s4*s5*s4*s3*s2*s1*s2*s3*s4*s3*s5*s4", 7 ], [ "s6*s5*s4*s3*s2*s1*s2*s3*s4*s3*s5*s6", 7 ], [ "s5*s4*s3*s2*s1*s2*s3*s4*s3*s6*s5", 7 ], [ "s6*s5*s4*s3*s2*s1*s2*s3*s4*s5*s4*s6", 7 ], [ "s6*s5*s4*s3*s2*s1*s2*s3*s4*s5*s6*s5", 7 ], [ "s4*s5*s4*s3*s2*s1*s2*s3*s4*s6*s5*s4", 7 ], [ "s2*s3*s4*s3*s2*s1*s2*s3*s5*s4*s3*s2", 7 ], [ "s6*s3*s4*s3*s2*s1*s2*s3*s5*s4*s3*s6", 7 ], [ "s6*s5*s2*s3*s2*s1*s2*s4*s3*s2*s5*s6", 7 ], [ "s5*s2*s3*s2*s1*s2*s4*s3*s2*s6*s5", 7 ], [ "s6*s5*s3*s2*s1*s2*s4*s3*s5*s6*s5", 7 ], [ "s4*s5*s3*s2*s1*s2*s4*s3*s6*s5*s4", 7 ], [ "s3*s5*s4*s2*s1*s3*s2*s4*s5*s4*s3", 7 ], [ "s6*s5*s4*s2*s1*s3*s2*s4*s5*s4*s6", 7 ], [ "s6*s5*s4*s2*s1*s3*s2*s4*s5*s6*s5", 7 ], [ "s4*s5*s4*s2*s1*s3*s2*s4*s6*s5*s4", 7 ], [ "s6*s3*s4*s2*s1*s3*s2*s5*s4*s3*s6", 7 ], [ "s5*s6*s5*s4*s1*s3*s4*s5*s4*s6*s5", 7 ], [ "s6*s4*s5*s4*s3*s2*s3*s4*s3*s5*s4*s6", 7 ], [ "s6*s5*s4*s3*s2*s3*s4*s3*s5*s6*s5", 7 ], [ "s4*s5*s4*s3*s2*s3*s4*s3*s6*s5*s4", 7 ], [ "s5*s6*s5*s4*s3*s2*s3*s4*s5*s4*s6*s5", 7 ], [ "s3*s4*s5*s4*s3*s2*s3*s4*s6*s5*s4*s3", 7 ], [ "s4*s6*s5*s3*s2*s4*s3*s5*s6*s5*s4", 7 ], [ "s4*s5*s3*s4*s3*s2*s1*s2*s3*s2*s4*s3*s5*s4", 8 ], [ "s6*s5*s3*s4*s3*s2*s1*s2*s3*s2*s4*s3*s5*s6", 8 ], [ "s5*s3*s4*s3*s2*s1*s2*s3*s2*s4*s3*s6*s5", 8 ], [ "s3*s5*s4*s3*s2*s1*s2*s3*s2*s4*s5*s4*s3", 8 ], [ "s6*s5*s4*s3*s2*s1*s2*s3*s2*s4*s5*s4*s6", 8 ], [ "s6*s5*s4*s3*s2*s1*s2*s3*s2*s4*s5*s6*s5", 8 ], [ "s4*s5*s4*s3*s2*s1*s2*s3*s2*s4*s6*s5*s4", 8 ], [ "s2*s3*s4*s3*s2*s1*s2*s3*s2*s5*s4*s3*s2", 8 ], [ "s6*s3*s4*s3*s2*s1*s2*s3*s2*s5*s4*s3*s6", 8 ], [ "s6*s4*s5*s4*s3*s2*s1*s2*s3*s4*s3*s5*s4*s6", 8 ], [ "s6*s5*s4*s3*s2*s1*s2*s3*s4*s3*s5*s6*s5", 8 ], [ "s4*s5*s4*s3*s2*s1*s2*s3*s4*s3*s6*s5*s4", 8 ], [ "s5*s6*s5*s4*s3*s2*s1*s2*s3*s4*s5*s4*s6*s5", 8 ], [ "s3*s4*s5*s4*s3*s2*s1*s2*s3*s4*s6*s5*s4*s3", 8 ], [ "s6*s2*s3*s4*s3*s2*s1*s2*s3*s5*s4*s3*s2*s6", 8 ], [ "s6*s5*s2*s3*s2*s1*s2*s4*s3*s2*s5*s6*s5", 8 ], [ "s4*s5*s2*s3*s2*s1*s2*s4*s3*s2*s6*s5*s4", 8 ], [ "s4*s6*s5*s3*s2*s1*s2*s4*s3*s5*s6*s5*s4", 8 ], [ "s6*s3*s5*s4*s2*s1*s3*s2*s4*s5*s4*s3*s6", 8 ], [ "s5*s6*s5*s4*s2*s1*s3*s2*s4*s5*s4*s6*s5", 8 ], [ "s3*s4*s5*s4*s2*s1*s3*s2*s4*s6*s5*s4*s3", 8 ], [ "s5*s6*s4*s5*s4*s3*s2*s3*s4*s3*s5*s4*s6*s5", 8 ], [ "s4*s6*s5*s4*s3*s2*s3*s4*s3*s5*s6*s5*s4", 8 ], [ "s3*s4*s5*s4*s3*s2*s3*s4*s3*s6*s5*s4*s3", 8 ], [ "s4*s5*s3*s4*s3*s2*s1*s2*s3*s2*s4*s3*s5*s4*s3", 9 ], [ "s6*s4*s5*s3*s4*s3*s2*s1*s2*s3*s2*s4*s3*s5*s4*s6", 9 ], [ "s6*s5*s3*s4*s3*s2*s1*s2*s3*s2*s4*s3*s5*s6*s5", 9 ], [ "s4*s5*s3*s4*s3*s2*s1*s2*s3*s2*s4*s3*s6*s5*s4", 9 ], [ "s6*s3*s5*s4*s3*s2*s1*s2*s3*s2*s4*s5*s4*s3*s6", 9 ], [ "s5*s6*s5*s4*s3*s2*s1*s2*s3*s2*s4*s5*s4*s6*s5", 9 ], [ "s3*s4*s5*s4*s3*s2*s1*s2*s3*s2*s4*s6*s5*s4*s3", 9 ], [ "s6*s2*s3*s4*s3*s2*s1*s2*s3*s2*s5*s4*s3*s2*s6", 9 ], [ "s5*s6*s4*s5*s4*s3*s2*s1*s2*s3*s4*s3*s5*s4*s6*s5", 9 ], [ "s4*s6*s5*s4*s3*s2*s1*s2*s3*s4*s3*s5*s6*s5*s4", 9 ], [ "s3*s4*s5*s4*s3*s2*s1*s2*s3*s4*s3*s6*s5*s4*s3", 9 ], [ "s2*s3*s4*s5*s4*s3*s2*s1*s2*s3*s4*s6*s5*s4*s3*s2", 9 ], [ "s4*s6*s5*s2*s3*s2*s1*s2*s4*s3*s2*s5*s6*s5*s4", 9 ], [ "s3*s4*s5*s2*s3*s2*s1*s2*s4*s3*s2*s6*s5*s4*s3", 9 ], [ "s5*s6*s3*s5*s4*s2*s1*s3*s2*s4*s5*s4*s3*s6*s5", 9 ], [ "s5*s6*s4*s5*s4*s3*s2*s3*s4*s3*s5*s4*s6*s5*s4", 9 ], [ "s6*s4*s5*s3*s4*s3*s2*s1*s2*s3*s2*s4*s3*s5*s4*s3*s6", 10 ], [ "s5*s6*s4*s5*s3*s4*s3*s2*s1*s2*s3*s2*s4*s3*s5*s4*s6*s5", 10 ], [ "s4*s6*s5*s3*s4*s3*s2*s1*s2*s3*s2*s4*s3*s5*s6*s5*s4", 10 ], [ "s3*s4*s5*s3*s4*s3*s2*s1*s2*s3*s2*s4*s3*s6*s5*s4*s3", 10 ], [ "s5*s6*s3*s5*s4*s3*s2*s1*s2*s3*s2*s4*s5*s4*s3*s6*s5", 10 ], [ "s2*s3*s4*s5*s4*s3*s2*s1*s2*s3*s2*s4*s6*s5*s4*s3*s2", 10 ], [ "s5*s6*s4*s5*s4*s3*s2*s1*s2*s3*s4*s3*s5*s4*s6*s5*s4", 10 ], [ "s2*s3*s4*s5*s4*s3*s2*s1*s2*s3*s4*s3*s6*s5*s4*s3*s2", 10 ], [ "s3*s4*s6*s5*s2*s3*s2*s1*s2*s4*s3*s2*s5*s6*s5*s4*s3", 10 ], [ "s5*s6*s4*s5*s3*s4*s3*s2*s1*s2*s3*s2*s4*s3*s5*s4*s3*s6*s5", 11 ], [ "s5*s6*s4*s5*s3*s4*s3*s2*s1*s2*s3*s2*s4*s3*s5*s4*s6*s5*s4", 11 ], [ "s3*s4*s6*s5*s3*s4*s3*s2*s1*s2*s3*s2*s4*s3*s5*s6*s5*s4*s3", 11 ], [ "s2*s3*s4*s5*s3*s4*s3*s2*s1*s2*s3*s2*s4*s3*s6*s5*s4*s3*s2", 11 ], [ "s4*s5*s6*s4*s5*s3*s4*s3*s2*s1*s2*s3*s2*s4*s3*s5*s4*s3*s6*s5*s4", 12 ] ], [ [ 0, 1, 0 ], [ 0, 2, 1 ], [ 0, 3, 2 ], [ 0, 4, 3 ], [ 0, 5, 4 ], [ 0, 6, 5 ], [ 1, 7, 1 ], [ 1, 8, 2 ], [ 1, 9, 3 ], [ 1, 10, 4 ], [ 1, 11, 5 ], [ 2, 7, 0 ], [ 2, 12, 2 ], [ 2, 13, 3 ], [ 2, 14, 4 ], [ 2, 15, 5 ], [ 3, 8, 0 ], [ 3, 12, 1 ], [ 3, 16, 3 ], [ 3, 17, 4 ], [ 3, 18, 5 ], [ 4, 9, 0 ], [ 4, 13, 1 ], [ 4, 16, 2 ], [ 4, 19, 4 ], [ 4, 20, 5 ], [ 5, 10, 0 ], [ 5, 14, 1 ], [ 5, 17, 2 ], [ 5, 19, 3 ], [ 5, 21, 5 ], [ 6, 11, 0 ], [ 6, 15, 1 ], [ 6, 18, 2 ], [ 6, 20, 3 ], [ 6, 21, 4 ], [ 7, 22, 2 ], [ 7, 23, 3 ], [ 7, 24, 4 ], [ 7, 25, 5 ], [ 8, 26, 1 ], [ 8, 27, 3 ], [ 8, 28, 4 ], [ 8, 29, 5 ], [ 9, 23, 1 ], [ 9, 27, 2 ], [ 9, 30, 4 ], [ 9, 31, 5 ], [ 10, 24, 1 ], [ 10, 28, 2 ], [ 10, 30, 3 ], [ 10, 32, 5 ], [ 11, 25, 1 ], [ 11, 29, 2 ], [ 11, 31, 3 ], [ 11, 32, 4 ], [ 12, 22, 0 ], [ 12, 33, 3 ], [ 12, 34, 4 ], [ 12, 35, 5 ], [ 13, 23, 0 ], [ 13, 36, 2 ], [ 13, 37, 4 ], [ 13, 38, 5 ], [ 14, 24, 0 ], [ 14, 34, 2 ], [ 14, 37, 3 ], [ 14, 39, 5 ], [ 15, 25, 0 ], [ 15, 35, 2 ], [ 15, 38, 3 ], [ 15, 39, 4 ], [ 16, 27, 0 ], [ 16, 33, 1 ], [ 16, 40, 4 ], [ 16, 41, 5 ], [ 17, 28, 0 ], [ 17, 34, 1 ], [ 17, 42, 3 ], [ 17, 43, 5 ], [ 18, 29, 0 ], [ 18, 35, 1 ], [ 18, 41, 3 ], [ 18, 43, 4 ], [ 19, 30, 0 ], [ 19, 37, 1 ], [ 19, 40, 2 ], [ 19, 44, 5 ], [ 20, 31, 0 ], [ 20, 38, 1 ], [ 20, 41, 2 ], [ 20, 45, 4 ], [ 21, 32, 0 ], [ 21, 39, 1 ], [ 21, 43, 2 ], [ 21, 44, 3 ], [ 22, 46, 1 ], [ 22, 47, 3 ], [ 22, 48, 4 ], [ 22, 49, 5 ], [ 23, 50, 2 ], [ 23, 51, 4 ], [ 23, 52, 5 ], [ 24, 48, 2 ], [ 24, 51, 3 ], [ 24, 53, 5 ], [ 25, 49, 2 ], [ 25, 52, 3 ], [ 25, 53, 4 ], [ 26, 46, 0 ], [ 26, 46, 2 ], [ 26, 54, 3 ], [ 26, 55, 4 ], [ 26, 56, 5 ], [ 27, 54, 1 ], [ 27, 57, 4 ], [ 27, 58, 5 ], [ 28, 55, 1 ], [ 28, 59, 3 ], [ 28, 60, 5 ], [ 29, 56, 1 ], [ 29, 58, 3 ], [ 29, 60, 4 ], [ 30, 51, 1 ], [ 30, 57, 2 ], [ 30, 61, 5 ], [ 31, 52, 1 ], [ 31, 58, 2 ], [ 31, 62, 4 ], [ 32, 53, 1 ], [ 32, 60, 2 ], [ 32, 61, 3 ], [ 33, 47, 0 ], [ 33, 63, 2 ], [ 33, 64, 4 ], [ 33, 65, 5 ], [ 34, 48, 0 ], [ 34, 66, 3 ], [ 34, 67, 5 ], [ 35, 49, 0 ], [ 35, 65, 3 ], [ 35, 67, 4 ], [ 36, 50, 0 ], [ 36, 63, 1 ], [ 36, 63, 3 ], [ 36, 68, 4 ], [ 36, 69, 5 ], [ 37, 51, 0 ], [ 37, 68, 2 ], [ 37, 70, 5 ], [ 38, 52, 0 ], [ 38, 69, 2 ], [ 38, 71, 4 ], [ 39, 53, 0 ], [ 39, 67, 2 ], [ 39, 70, 3 ], [ 40, 57, 0 ], [ 40, 64, 1 ], [ 40, 72, 3 ], [ 40, 73, 5 ], [ 41, 58, 0 ], [ 41, 65, 1 ], [ 41, 74, 4 ], [ 42, 59, 0 ], [ 42, 66, 1 ], [ 42, 72, 2 ], [ 42, 72, 4 ], [ 42, 75, 5 ], [ 43, 60, 0 ], [ 43, 67, 1 ], [ 43, 75, 3 ], [ 44, 61, 0 ], [ 44, 70, 1 ], [ 44, 73, 2 ], [ 44, 76, 4 ], [ 45, 62, 0 ], [ 45, 71, 1 ], [ 45, 74, 2 ], [ 45, 76, 3 ], [ 45, 76, 5 ], [ 46, 77, 3 ], [ 46, 78, 4 ], [ 46, 79, 5 ], [ 47, 77, 1 ], [ 47, 80, 2 ], [ 47, 81, 4 ], [ 47, 82, 5 ], [ 48, 78, 1 ], [ 48, 83, 3 ], [ 48, 84, 5 ], [ 49, 79, 1 ], [ 49, 82, 3 ], [ 49, 84, 4 ], [ 50, 85, 1 ], [ 50, 80, 3 ], [ 50, 86, 4 ], [ 50, 87, 5 ], [ 51, 86, 2 ], [ 51, 88, 5 ], [ 52, 87, 2 ], [ 52, 89, 4 ], [ 53, 84, 2 ], [ 53, 88, 3 ], [ 54, 77, 0 ], [ 54, 85, 2 ], [ 54, 90, 4 ], [ 54, 91, 5 ], [ 55, 78, 0 ], [ 55, 78, 2 ], [ 55, 92, 3 ], [ 55, 93, 5 ], [ 56, 79, 0 ], [ 56, 79, 2 ], [ 56, 91, 3 ], [ 56, 93, 4 ], [ 57, 90, 1 ], [ 57, 94, 3 ], [ 57, 95, 5 ], [ 58, 91, 1 ], [ 58, 96, 4 ], [ 59, 92, 1 ], [ 59, 94, 2 ], [ 59, 94, 4 ], [ 59, 97, 5 ], [ 60, 93, 1 ], [ 60, 97, 3 ], [ 61, 88, 1 ], [ 61, 95, 2 ], [ 61, 98, 4 ], [ 62, 89, 1 ], [ 62, 96, 2 ], [ 62, 98, 3 ], [ 62, 98, 5 ], [ 63, 80, 0 ], [ 63, 99, 4 ], [ 63, 100, 5 ], [ 64, 81, 0 ], [ 64, 99, 2 ], [ 64, 101, 3 ], [ 64, 102, 5 ], [ 65, 82, 0 ], [ 65, 100, 2 ], [ 65, 103, 4 ], [ 66, 83, 0 ], [ 66, 104, 2 ], [ 66, 101, 4 ], [ 66, 105, 5 ], [ 67, 84, 0 ], [ 67, 105, 3 ], [ 68, 86, 0 ], [ 68, 99, 1 ], [ 68, 104, 3 ], [ 68, 106, 5 ], [ 69, 87, 0 ], [ 69, 100, 1 ], [ 69, 100, 3 ], [ 69, 107, 4 ], [ 70, 88, 0 ], [ 70, 106, 2 ], [ 70, 108, 4 ], [ 71, 89, 0 ], [ 71, 107, 2 ], [ 71, 108, 3 ], [ 71, 108, 5 ], [ 72, 94, 0 ], [ 72, 101, 1 ], [ 72, 109, 5 ], [ 73, 95, 0 ], [ 73, 102, 1 ], [ 73, 109, 3 ], [ 73, 110, 4 ], [ 74, 96, 0 ], [ 74, 103, 1 ], [ 74, 111, 3 ], [ 74, 110, 5 ], [ 75, 97, 0 ], [ 75, 105, 1 ], [ 75, 109, 2 ], [ 75, 111, 4 ], [ 76, 98, 0 ], [ 76, 108, 1 ], [ 76, 110, 2 ], [ 77, 112, 2 ], [ 77, 113, 4 ], [ 77, 114, 5 ], [ 78, 115, 3 ], [ 78, 116, 5 ], [ 79, 114, 3 ], [ 79, 116, 4 ], [ 80, 112, 1 ], [ 80, 117, 4 ], [ 80, 118, 5 ], [ 81, 113, 1 ], [ 81, 117, 2 ], [ 81, 119, 3 ], [ 81, 120, 5 ], [ 82, 114, 1 ], [ 82, 118, 2 ], [ 82, 121, 4 ], [ 83, 115, 1 ], [ 83, 122, 2 ], [ 83, 119, 4 ], [ 83, 123, 5 ], [ 84, 116, 1 ], [ 84, 123, 3 ], [ 85, 112, 0 ], [ 85, 112, 3 ], [ 85, 124, 4 ], [ 85, 125, 5 ], [ 86, 124, 1 ], [ 86, 122, 3 ], [ 86, 126, 5 ], [ 87, 125, 1 ], [ 87, 118, 3 ], [ 87, 127, 4 ], [ 88, 126, 2 ], [ 88, 128, 4 ], [ 89, 127, 2 ], [ 89, 128, 3 ], [ 89, 128, 5 ], [ 90, 113, 0 ], [ 90, 124, 2 ], [ 90, 129, 3 ], [ 90, 130, 5 ], [ 91, 114, 0 ], [ 91, 125, 2 ], [ 91, 131, 4 ], [ 92, 115, 0 ], [ 92, 132, 2 ], [ 92, 129, 4 ], [ 92, 133, 5 ], [ 93, 116, 0 ], [ 93, 116, 2 ], [ 93, 133, 3 ], [ 94, 129, 1 ], [ 94, 134, 5 ], [ 95, 130, 1 ], [ 95, 134, 3 ], [ 95, 135, 4 ], [ 96, 131, 1 ], [ 96, 136, 3 ], [ 96, 135, 5 ], [ 97, 133, 1 ], [ 97, 134, 2 ], [ 97, 136, 4 ], [ 98, 128, 1 ], [ 98, 135, 2 ], [ 99, 117, 0 ], [ 99, 137, 3 ], [ 99, 138, 5 ], [ 100, 118, 0 ], [ 100, 139, 4 ], [ 101, 119, 0 ], [ 101, 137, 2 ], [ 101, 140, 5 ], [ 102, 120, 0 ], [ 102, 138, 2 ], [ 102, 140, 3 ], [ 102, 141, 4 ], [ 103, 121, 0 ], [ 103, 139, 2 ], [ 103, 142, 3 ], [ 103, 141, 5 ], [ 104, 122, 0 ], [ 104, 137, 1 ], [ 104, 137, 4 ], [ 104, 143, 5 ], [ 105, 123, 0 ], [ 105, 143, 2 ], [ 105, 142, 4 ], [ 106, 126, 0 ], [ 106, 138, 1 ], [ 106, 143, 3 ], [ 106, 144, 4 ], [ 107, 127, 0 ], [ 107, 139, 1 ], [ 107, 145, 3 ], [ 107, 144, 5 ], [ 108, 128, 0 ], [ 108, 144, 2 ], [ 109, 134, 0 ], [ 109, 140, 1 ], [ 109, 146, 4 ], [ 110, 135, 0 ], [ 110, 141, 1 ], [ 110, 146, 3 ], [ 111, 136, 0 ], [ 111, 142, 1 ], [ 111, 146, 2 ], [ 111, 146, 5 ], [ 112, 147, 4 ], [ 112, 148, 5 ], [ 113, 147, 2 ], [ 113, 149, 3 ], [ 113, 150, 5 ], [ 114, 148, 2 ], [ 114, 151, 4 ], [ 115, 152, 2 ], [ 115, 149, 4 ], [ 115, 153, 5 ], [ 116, 153, 3 ], [ 117, 147, 1 ], [ 117, 154, 3 ], [ 117, 155, 5 ], [ 118, 148, 1 ], [ 118, 156, 4 ], [ 119, 149, 1 ], [ 119, 154, 2 ], [ 119, 157, 5 ], [ 120, 150, 1 ], [ 120, 155, 2 ], [ 120, 157, 3 ], [ 120, 158, 4 ], [ 121, 151, 1 ], [ 121, 156, 2 ], [ 121, 159, 3 ], [ 121, 158, 5 ], [ 122, 160, 1 ], [ 122, 154, 4 ], [ 122, 161, 5 ], [ 123, 153, 1 ], [ 123, 161, 2 ], [ 123, 159, 4 ], [ 124, 147, 0 ], [ 124, 160, 3 ], [ 124, 162, 5 ], [ 125, 148, 0 ], [ 125, 148, 3 ], [ 125, 163, 4 ], [ 126, 162, 1 ], [ 126, 161, 3 ], [ 126, 164, 4 ], [ 127, 163, 1 ], [ 127, 165, 3 ], [ 127, 164, 5 ], [ 128, 164, 2 ], [ 129, 149, 0 ], [ 129, 166, 2 ], [ 129, 167, 5 ], [ 130, 150, 0 ], [ 130, 162, 2 ], [ 130, 167, 3 ], [ 130, 168, 4 ], [ 131, 151, 0 ], [ 131, 163, 2 ], [ 131, 169, 3 ], [ 131, 168, 5 ], [ 132, 152, 0 ], [ 132, 166, 1 ], [ 132, 152, 3 ], [ 132, 166, 4 ], [ 132, 170, 5 ], [ 133, 153, 0 ], [ 133, 170, 2 ], [ 133, 169, 4 ], [ 134, 167, 1 ], [ 134, 171, 4 ], [ 135, 168, 1 ], [ 135, 171, 3 ], [ 136, 169, 1 ], [ 136, 171, 2 ], [ 136, 171, 5 ], [ 137, 154, 0 ], [ 137, 172, 5 ], [ 138, 155, 0 ], [ 138, 172, 3 ], [ 138, 173, 4 ], [ 139, 156, 0 ], [ 139, 174, 3 ], [ 139, 173, 5 ], [ 140, 157, 0 ], [ 140, 172, 2 ], [ 140, 175, 4 ], [ 141, 158, 0 ], [ 141, 173, 2 ], [ 141, 175, 3 ], [ 142, 159, 0 ], [ 142, 176, 2 ], [ 142, 175, 5 ], [ 143, 161, 0 ], [ 143, 172, 1 ], [ 143, 176, 4 ], [ 144, 164, 0 ], [ 144, 173, 1 ], [ 144, 177, 3 ], [ 145, 165, 0 ], [ 145, 174, 1 ], [ 145, 177, 2 ], [ 145, 174, 4 ], [ 145, 177, 5 ], [ 146, 171, 0 ], [ 146, 175, 1 ], [ 147, 178, 3 ], [ 147, 179, 5 ], [ 148, 180, 4 ], [ 149, 181, 2 ], [ 149, 182, 5 ], [ 150, 179, 2 ], [ 150, 182, 3 ], [ 150, 183, 4 ], [ 151, 180, 2 ], [ 151, 184, 3 ], [ 151, 183, 5 ], [ 152, 185, 1 ], [ 152, 181, 4 ], [ 152, 186, 5 ], [ 153, 186, 2 ], [ 153, 184, 4 ], [ 154, 178, 1 ], [ 154, 187, 5 ], [ 155, 179, 1 ], [ 155, 187, 3 ], [ 155, 188, 4 ], [ 156, 180, 1 ], [ 156, 189, 3 ], [ 156, 188, 5 ], [ 157, 182, 1 ], [ 157, 187, 2 ], [ 157, 190, 4 ], [ 158, 183, 1 ], [ 158, 188, 2 ], [ 158, 190, 3 ], [ 159, 184, 1 ], [ 159, 191, 2 ], [ 159, 190, 5 ], [ 160, 178, 0 ], [ 160, 185, 2 ], [ 160, 178, 4 ], [ 160, 192, 5 ], [ 161, 192, 1 ], [ 161, 191, 4 ], [ 162, 179, 0 ], [ 162, 192, 3 ], [ 162, 193, 4 ], [ 163, 180, 0 ], [ 163, 194, 3 ], [ 163, 193, 5 ], [ 164, 193, 1 ], [ 164, 195, 3 ], [ 165, 194, 1 ], [ 165, 195, 2 ], [ 165, 189, 4 ], [ 165, 195, 5 ], [ 166, 181, 0 ], [ 166, 185, 3 ], [ 166, 196, 5 ], [ 167, 182, 0 ], [ 167, 196, 2 ], [ 167, 197, 4 ], [ 168, 183, 0 ], [ 168, 193, 2 ], [ 168, 197, 3 ], [ 169, 184, 0 ], [ 169, 198, 2 ], [ 169, 197, 5 ], [ 170, 186, 0 ], [ 170, 196, 1 ], [ 170, 186, 3 ], [ 170, 198, 4 ], [ 171, 197, 1 ], [ 172, 187, 0 ], [ 172, 199, 4 ], [ 173, 188, 0 ], [ 173, 200, 3 ], [ 174, 189, 0 ], [ 174, 201, 2 ], [ 174, 200, 5 ], [ 175, 190, 0 ], [ 175, 199, 2 ], [ 176, 191, 0 ], [ 176, 199, 1 ], [ 176, 201, 3 ], [ 176, 199, 5 ], [ 177, 195, 0 ], [ 177, 200, 1 ], [ 177, 201, 4 ], [ 178, 202, 2 ], [ 178, 203, 5 ], [ 179, 203, 3 ], [ 179, 204, 4 ], [ 180, 205, 3 ], [ 180, 204, 5 ], [ 181, 202, 1 ], [ 181, 202, 3 ], [ 181, 206, 5 ], [ 182, 206, 2 ], [ 182, 207, 4 ], [ 183, 204, 2 ], [ 183, 207, 3 ], [ 184, 208, 2 ], [ 184, 207, 5 ], [ 185, 202, 0 ], [ 185, 202, 4 ], [ 185, 209, 5 ], [ 186, 209, 1 ], [ 186, 208, 4 ], [ 187, 203, 1 ], [ 187, 210, 4 ], [ 188, 204, 1 ], [ 188, 211, 3 ], [ 189, 205, 1 ], [ 189, 212, 2 ], [ 189, 211, 5 ], [ 190, 207, 1 ], [ 190, 210, 2 ], [ 191, 213, 1 ], [ 191, 212, 3 ], [ 191, 210, 5 ], [ 192, 203, 0 ], [ 192, 209, 2 ], [ 192, 213, 4 ], [ 193, 204, 0 ], [ 193, 214, 3 ], [ 194, 205, 0 ], [ 194, 215, 2 ], [ 194, 205, 4 ], [ 194, 214, 5 ], [ 195, 214, 1 ], [ 195, 212, 4 ], [ 196, 206, 0 ], [ 196, 209, 3 ], [ 196, 216, 4 ], [ 197, 207, 0 ], [ 197, 216, 2 ], [ 198, 208, 0 ], [ 198, 216, 1 ], [ 198, 215, 3 ], [ 198, 216, 5 ], [ 199, 210, 0 ], [ 199, 217, 3 ], [ 200, 211, 0 ], [ 200, 217, 2 ], [ 200, 217, 4 ], [ 201, 212, 0 ], [ 201, 217, 1 ], [ 201, 217, 5 ], [ 202, 218, 5 ], [ 203, 218, 2 ], [ 203, 219, 4 ], [ 204, 220, 3 ], [ 205, 221, 2 ], [ 205, 220, 5 ], [ 206, 218, 1 ], [ 206, 218, 3 ], [ 206, 222, 4 ], [ 207, 222, 2 ], [ 208, 223, 1 ], [ 208, 221, 3 ], [ 208, 222, 5 ], [ 209, 218, 0 ], [ 209, 223, 4 ], [ 210, 219, 1 ], [ 210, 224, 3 ], [ 211, 220, 1 ], [ 211, 224, 2 ], [ 211, 224, 4 ], [ 212, 225, 1 ], [ 212, 224, 5 ], [ 213, 219, 0 ], [ 213, 223, 2 ], [ 213, 225, 3 ], [ 213, 219, 5 ], [ 214, 220, 0 ], [ 214, 226, 2 ], [ 214, 225, 4 ], [ 215, 221, 0 ], [ 215, 226, 1 ], [ 215, 221, 4 ], [ 215, 226, 5 ], [ 216, 222, 0 ], [ 216, 226, 3 ], [ 217, 224, 0 ], [ 218, 227, 4 ], [ 219, 227, 2 ], [ 219, 228, 3 ], [ 220, 229, 2 ], [ 220, 228, 4 ], [ 221, 230, 1 ], [ 221, 229, 5 ], [ 222, 227, 1 ], [ 222, 229, 3 ], [ 223, 227, 0 ], [ 223, 230, 3 ], [ 223, 227, 5 ], [ 224, 228, 1 ], [ 225, 228, 0 ], [ 225, 230, 2 ], [ 225, 228, 5 ], [ 226, 229, 0 ], [ 226, 230, 4 ], [ 227, 231, 3 ], [ 228, 231, 2 ], [ 229, 231, 1 ], [ 229, 231, 4 ], [ 230, 231, 0 ], [ 230, 231, 5 ] ] ]');
INSERT INTO `weakorderings` (`id`, `group_id`, `automorphism_id`, `ordering`) VALUES
(12, 6, 11, '[ [ "s1", "s2", "s3", "s4", "s5", "s6" ], [ [ "e", 0 ], [ "s6*s1", 1 ], [ "s5*s2", 1 ], [ "s4*s3", 1 ], [ "s3*s4", 1 ], [ "s5*s6*s1*s2", 2 ], [ "s4*s6*s1*s3", 2 ], [ "s3*s6*s1*s4", 2 ], [ "s2*s6*s1*s5", 2 ], [ "s4*s5*s2*s3", 2 ], [ "s3*s5*s2*s4", 2 ], [ "s5*s4*s3*s2", 2 ], [ "s4*s3*s4", 2 ], [ "s2*s3*s4*s5", 2 ], [ "s6*s5*s6*s1*s2*s1", 3 ], [ "s4*s5*s6*s1*s2*s3", 3 ], [ "s3*s5*s6*s1*s2*s4", 3 ], [ "s5*s4*s6*s1*s3*s2", 3 ], [ "s4*s6*s1*s3*s4", 3 ], [ "s2*s4*s6*s1*s3*s5", 3 ], [ "s2*s3*s6*s1*s4*s5", 3 ], [ "s3*s2*s6*s1*s5*s4", 3 ], [ "s5*s4*s5*s2*s3*s2", 3 ], [ "s3*s4*s5*s2*s3*s4", 3 ], [ "s4*s3*s5*s2*s4*s3", 3 ], [ "s2*s3*s5*s2*s4*s5", 3 ], [ "s6*s5*s4*s3*s2*s1", 3 ], [ "s5*s4*s3*s2*s4", 3 ], [ "s2*s4*s3*s4*s5", 3 ], [ "s1*s2*s3*s4*s5*s6", 3 ], [ "s4*s6*s5*s6*s1*s2*s1*s3", 4 ], [ "s3*s6*s5*s6*s1*s2*s1*s4", 4 ], [ "s5*s4*s5*s6*s1*s2*s3*s2", 4 ], [ "s3*s4*s5*s6*s1*s2*s3*s4", 4 ], [ "s4*s3*s5*s6*s1*s2*s4*s3", 4 ], [ "s2*s3*s5*s6*s1*s2*s4*s5", 4 ], [ "s6*s5*s4*s6*s1*s3*s2*s1", 4 ], [ "s5*s4*s6*s1*s3*s2*s4", 4 ], [ "s2*s5*s4*s6*s1*s3*s2*s5", 4 ], [ "s2*s4*s6*s1*s3*s4*s5", 4 ], [ "s3*s2*s4*s6*s1*s3*s5*s4", 4 ], [ "s3*s2*s3*s6*s1*s4*s5*s4", 4 ], [ "s1*s2*s3*s6*s1*s4*s5*s6", 4 ], [ "s4*s3*s2*s6*s1*s5*s4*s3", 4 ], [ "s6*s5*s4*s5*s2*s3*s2*s1", 4 ], [ "s3*s5*s4*s5*s2*s3*s2*s4", 4 ], [ "s4*s3*s4*s5*s2*s3*s4*s3", 4 ], [ "s3*s4*s5*s2*s3*s4*s5", 4 ], [ "s4*s3*s5*s2*s4*s3*s2", 4 ], [ "s2*s4*s3*s5*s2*s4*s3*s5", 4 ], [ "s1*s2*s3*s5*s2*s4*s5*s6", 4 ], [ "s6*s5*s4*s3*s2*s1*s4", 4 ], [ "s2*s5*s4*s3*s2*s4*s5", 4 ], [ "s1*s2*s4*s3*s4*s5*s6", 4 ], [ "s5*s4*s6*s5*s6*s1*s2*s1*s3*s2", 5 ], [ "s3*s4*s6*s5*s6*s1*s2*s1*s3*s4", 5 ], [ "s4*s3*s6*s5*s6*s1*s2*s1*s4*s3", 5 ], [ "s2*s3*s6*s5*s6*s1*s2*s1*s4*s5", 5 ], [ "s6*s5*s4*s5*s6*s1*s2*s3*s2*s1", 5 ], [ "s3*s5*s4*s5*s6*s1*s2*s3*s2*s4", 5 ], [ "s4*s3*s4*s5*s6*s1*s2*s3*s4*s3", 5 ], [ "s2*s3*s4*s5*s6*s1*s2*s3*s4*s5", 5 ], [ "s4*s3*s5*s6*s1*s2*s4*s3*s2", 5 ], [ "s2*s4*s3*s5*s6*s1*s2*s4*s3*s5", 5 ], [ "s1*s2*s3*s5*s6*s1*s2*s4*s5*s6", 5 ], [ "s6*s5*s4*s6*s1*s3*s2*s1*s4", 5 ], [ "s2*s6*s5*s4*s6*s1*s3*s2*s1*s5", 5 ], [ "s2*s5*s4*s6*s1*s3*s2*s4*s5", 5 ], [ "s3*s2*s5*s4*s6*s1*s3*s2*s5*s4", 5 ], [ "s3*s2*s4*s6*s1*s3*s4*s5*s4", 5 ], [ "s1*s2*s4*s6*s1*s3*s4*s5*s6", 5 ], [ "s4*s3*s2*s4*s6*s1*s3*s5*s4*s3", 5 ], [ "s4*s3*s2*s3*s6*s1*s4*s5*s4*s3", 5 ], [ "s1*s3*s2*s3*s6*s1*s4*s5*s4*s6", 5 ], [ "s5*s4*s3*s2*s6*s1*s5*s4*s3*s2", 5 ], [ "s3*s6*s5*s4*s5*s2*s3*s2*s1*s4", 5 ], [ "s3*s5*s4*s5*s2*s3*s2*s4*s3", 5 ], [ "s3*s5*s4*s5*s2*s3*s2*s4*s5", 5 ], [ "s4*s3*s4*s5*s2*s3*s4*s3*s5", 5 ], [ "s1*s3*s4*s5*s2*s3*s4*s5*s6", 5 ], [ "s6*s4*s3*s5*s2*s4*s3*s2*s1", 5 ], [ "s2*s4*s3*s5*s2*s4*s3*s2*s5", 5 ], [ "s1*s2*s4*s3*s5*s2*s4*s3*s5*s6", 5 ], [ "s2*s6*s5*s4*s3*s2*s1*s4*s5", 5 ], [ "s1*s2*s5*s4*s3*s2*s4*s5*s6", 5 ], [ "s6*s5*s4*s6*s5*s6*s1*s2*s1*s3*s2*s1", 6 ], [ "s3*s5*s4*s6*s5*s6*s1*s2*s1*s3*s2*s4", 6 ], [ "s4*s3*s4*s6*s5*s6*s1*s2*s1*s3*s4*s3", 6 ], [ "s2*s3*s4*s6*s5*s6*s1*s2*s1*s3*s4*s5", 6 ], [ "s5*s4*s3*s6*s5*s6*s1*s2*s1*s4*s3*s2", 6 ], [ "s2*s4*s3*s6*s5*s6*s1*s2*s1*s4*s3*s5", 6 ], [ "s1*s2*s3*s6*s5*s6*s1*s2*s1*s4*s5*s6", 6 ], [ "s3*s6*s5*s4*s5*s6*s1*s2*s3*s2*s1*s4", 6 ], [ "s3*s5*s4*s5*s6*s1*s2*s3*s2*s4*s3", 6 ], [ "s2*s3*s5*s4*s5*s6*s1*s2*s3*s2*s4*s5", 6 ], [ "s2*s4*s3*s4*s5*s6*s1*s2*s3*s4*s3*s5", 6 ], [ "s2*s3*s4*s5*s6*s1*s2*s3*s4*s5*s6", 6 ], [ "s6*s4*s3*s5*s6*s1*s2*s4*s3*s2*s1", 6 ], [ "s2*s4*s3*s5*s6*s1*s2*s4*s3*s2*s5", 6 ], [ "s3*s2*s4*s3*s5*s6*s1*s2*s4*s3*s5*s4", 6 ], [ "s1*s2*s4*s3*s5*s6*s1*s2*s4*s3*s5*s6", 6 ], [ "s2*s6*s5*s4*s6*s1*s3*s2*s1*s4*s5", 6 ], [ "s3*s2*s6*s5*s4*s6*s1*s3*s2*s1*s5*s4", 6 ], [ "s3*s2*s5*s4*s6*s1*s3*s2*s4*s5*s4", 6 ], [ "s1*s2*s5*s4*s6*s1*s3*s2*s4*s5*s6", 6 ], [ "s4*s3*s2*s5*s4*s6*s1*s3*s2*s5*s4*s3", 6 ], [ "s4*s3*s2*s4*s6*s1*s3*s4*s5*s4*s3", 6 ], [ "s1*s3*s2*s4*s6*s1*s3*s4*s5*s4*s6", 6 ], [ "s5*s4*s3*s2*s4*s6*s1*s3*s5*s4*s3*s2", 6 ], [ "s5*s4*s3*s2*s3*s6*s1*s4*s5*s4*s3*s2", 6 ], [ "s1*s4*s3*s2*s3*s6*s1*s4*s5*s4*s3*s6", 6 ], [ "s5*s4*s3*s2*s6*s1*s5*s4*s3*s2*s1", 6 ], [ "s3*s6*s5*s4*s5*s2*s3*s2*s1*s4*s3", 6 ], [ "s3*s6*s5*s4*s5*s2*s3*s2*s1*s4*s5", 6 ], [ "s3*s5*s4*s5*s2*s3*s2*s4*s3*s5", 6 ], [ "s1*s3*s5*s4*s5*s2*s3*s2*s4*s5*s6", 6 ], [ "s1*s4*s3*s4*s5*s2*s3*s4*s3*s5*s6", 6 ], [ "s2*s6*s4*s3*s5*s2*s4*s3*s2*s1*s5", 6 ], [ "s1*s2*s4*s3*s5*s2*s4*s3*s2*s5*s6", 6 ], [ "s1*s2*s6*s5*s4*s3*s2*s1*s4*s5*s6", 6 ], [ "s3*s6*s5*s4*s6*s5*s6*s1*s2*s1*s3*s2*s1*s4", 7 ], [ "s4*s3*s5*s4*s6*s5*s6*s1*s2*s1*s3*s2*s4*s3", 7 ], [ "s2*s3*s5*s4*s6*s5*s6*s1*s2*s1*s3*s2*s4*s5", 7 ], [ "s5*s4*s3*s4*s6*s5*s6*s1*s2*s1*s3*s4*s3*s2", 7 ], [ "s2*s4*s3*s4*s6*s5*s6*s1*s2*s1*s3*s4*s3*s5", 7 ], [ "s2*s3*s4*s6*s5*s6*s1*s2*s1*s3*s4*s5*s6", 7 ], [ "s5*s4*s3*s6*s5*s6*s1*s2*s1*s4*s3*s2*s1", 7 ], [ "s2*s5*s4*s3*s6*s5*s6*s1*s2*s1*s4*s3*s2*s5", 7 ], [ "s3*s2*s4*s3*s6*s5*s6*s1*s2*s1*s4*s3*s5*s4", 7 ], [ "s1*s2*s4*s3*s6*s5*s6*s1*s2*s1*s4*s3*s5*s6", 7 ], [ "s3*s6*s5*s4*s5*s6*s1*s2*s3*s2*s1*s4*s3", 7 ], [ "s2*s3*s6*s5*s4*s5*s6*s1*s2*s3*s2*s1*s4*s5", 7 ], [ "s2*s3*s5*s4*s5*s6*s1*s2*s3*s2*s4*s3*s5", 7 ], [ "s2*s3*s5*s4*s5*s6*s1*s2*s3*s2*s4*s5*s6", 7 ], [ "s3*s2*s4*s3*s4*s5*s6*s1*s2*s3*s4*s3*s5*s4", 7 ], [ "s2*s4*s3*s4*s5*s6*s1*s2*s3*s4*s3*s5*s6", 7 ], [ "s2*s6*s4*s3*s5*s6*s1*s2*s4*s3*s2*s1*s5", 7 ], [ "s3*s2*s4*s3*s5*s6*s1*s2*s4*s3*s2*s5*s4", 7 ], [ "s1*s2*s4*s3*s5*s6*s1*s2*s4*s3*s2*s5*s6", 7 ], [ "s1*s3*s2*s4*s3*s5*s6*s1*s2*s4*s3*s5*s4*s6", 7 ], [ "s3*s2*s6*s5*s4*s6*s1*s3*s2*s1*s4*s5*s4", 7 ], [ "s1*s2*s6*s5*s4*s6*s1*s3*s2*s1*s4*s5*s6", 7 ], [ "s4*s3*s2*s6*s5*s4*s6*s1*s3*s2*s1*s5*s4*s3", 7 ], [ "s4*s3*s2*s5*s4*s6*s1*s3*s2*s4*s5*s4*s3", 7 ], [ "s1*s3*s2*s5*s4*s6*s1*s3*s2*s4*s5*s4*s6", 7 ], [ "s5*s4*s3*s2*s5*s4*s6*s1*s3*s2*s5*s4*s3*s2", 7 ], [ "s5*s4*s3*s2*s4*s6*s1*s3*s4*s5*s4*s3*s2", 7 ], [ "s1*s4*s3*s2*s4*s6*s1*s3*s4*s5*s4*s3*s6", 7 ], [ "s5*s4*s3*s2*s4*s6*s1*s3*s5*s4*s3*s2*s1", 7 ], [ "s5*s4*s3*s2*s3*s6*s1*s4*s5*s4*s3*s2*s1", 7 ], [ "s1*s5*s4*s3*s2*s3*s6*s1*s4*s5*s4*s3*s2*s6", 7 ], [ "s3*s6*s5*s4*s5*s2*s3*s2*s1*s4*s3*s5", 7 ], [ "s1*s3*s6*s5*s4*s5*s2*s3*s2*s1*s4*s5*s6", 7 ], [ "s1*s3*s5*s4*s5*s2*s3*s2*s4*s3*s5*s6", 7 ], [ "s1*s2*s6*s4*s3*s5*s2*s4*s3*s2*s1*s5*s6", 7 ], [ "s4*s3*s6*s5*s4*s6*s5*s6*s1*s2*s1*s3*s2*s1*s4*s3", 8 ], [ "s2*s3*s6*s5*s4*s6*s5*s6*s1*s2*s1*s3*s2*s1*s4*s5", 8 ], [ "s5*s4*s3*s5*s4*s6*s5*s6*s1*s2*s1*s3*s2*s4*s3*s2", 8 ], [ "s2*s4*s3*s5*s4*s6*s5*s6*s1*s2*s1*s3*s2*s4*s3*s5", 8 ], [ "s2*s3*s5*s4*s6*s5*s6*s1*s2*s1*s3*s2*s4*s5*s6", 8 ], [ "s5*s4*s3*s4*s6*s5*s6*s1*s2*s1*s3*s4*s3*s2*s1", 8 ], [ "s2*s5*s4*s3*s4*s6*s5*s6*s1*s2*s1*s3*s4*s3*s2*s5", 8 ], [ "s3*s2*s4*s3*s4*s6*s5*s6*s1*s2*s1*s3*s4*s3*s5*s4", 8 ], [ "s2*s4*s3*s4*s6*s5*s6*s1*s2*s1*s3*s4*s3*s5*s6", 8 ], [ "s2*s5*s4*s3*s6*s5*s6*s1*s2*s1*s4*s3*s2*s1*s5", 8 ], [ "s3*s2*s5*s4*s3*s6*s5*s6*s1*s2*s1*s4*s3*s2*s5*s4", 8 ], [ "s1*s2*s5*s4*s3*s6*s5*s6*s1*s2*s1*s4*s3*s2*s5*s6", 8 ], [ "s1*s3*s2*s4*s3*s6*s5*s6*s1*s2*s1*s4*s3*s5*s4*s6", 8 ], [ "s2*s3*s6*s5*s4*s5*s6*s1*s2*s3*s2*s1*s4*s3*s5", 8 ], [ "s2*s3*s6*s5*s4*s5*s6*s1*s2*s3*s2*s1*s4*s5*s6", 8 ], [ "s3*s2*s3*s5*s4*s5*s6*s1*s2*s3*s2*s4*s3*s5*s4", 8 ], [ "s2*s3*s5*s4*s5*s6*s1*s2*s3*s2*s4*s3*s5*s6", 8 ], [ "s3*s2*s4*s3*s4*s5*s6*s1*s2*s3*s4*s3*s5*s4*s6", 8 ], [ "s3*s2*s6*s4*s3*s5*s6*s1*s2*s4*s3*s2*s1*s5*s4", 8 ], [ "s1*s2*s6*s4*s3*s5*s6*s1*s2*s4*s3*s2*s1*s5*s6", 8 ], [ "s4*s3*s2*s4*s3*s5*s6*s1*s2*s4*s3*s2*s5*s4*s3", 8 ], [ "s1*s3*s2*s4*s3*s5*s6*s1*s2*s4*s3*s2*s5*s4*s6", 8 ], [ "s4*s3*s2*s6*s5*s4*s6*s1*s3*s2*s1*s4*s5*s4*s3", 8 ], [ "s1*s3*s2*s6*s5*s4*s6*s1*s3*s2*s1*s4*s5*s4*s6", 8 ], [ "s4*s3*s2*s6*s5*s4*s6*s1*s3*s2*s1*s5*s4*s3*s2", 8 ], [ "s5*s4*s3*s2*s5*s4*s6*s1*s3*s2*s4*s5*s4*s3*s2", 8 ], [ "s1*s4*s3*s2*s5*s4*s6*s1*s3*s2*s4*s5*s4*s3*s6", 8 ], [ "s5*s4*s3*s2*s4*s6*s1*s3*s4*s5*s4*s3*s2*s1", 8 ], [ "s1*s5*s4*s3*s2*s4*s6*s1*s3*s4*s5*s4*s3*s2*s6", 8 ], [ "s1*s5*s4*s3*s2*s3*s6*s1*s4*s5*s4*s3*s2*s1*s6", 8 ], [ "s1*s3*s6*s5*s4*s5*s2*s3*s2*s1*s4*s3*s5*s6", 8 ], [ "s4*s3*s6*s5*s4*s6*s5*s6*s1*s2*s1*s3*s2*s1*s4*s3*s2", 9 ], [ "s2*s4*s3*s6*s5*s4*s6*s5*s6*s1*s2*s1*s3*s2*s1*s4*s3*s5", 9 ], [ "s2*s3*s6*s5*s4*s6*s5*s6*s1*s2*s1*s3*s2*s1*s4*s5*s6", 9 ], [ "s2*s5*s4*s3*s5*s4*s6*s5*s6*s1*s2*s1*s3*s2*s4*s3*s2*s5", 9 ], [ "s2*s4*s3*s5*s4*s6*s5*s6*s1*s2*s1*s3*s2*s4*s3*s5*s4", 9 ], [ "s2*s4*s3*s5*s4*s6*s5*s6*s1*s2*s1*s3*s2*s4*s3*s5*s6", 9 ], [ "s2*s5*s4*s3*s4*s6*s5*s6*s1*s2*s1*s3*s4*s3*s2*s1*s5", 9 ], [ "s3*s2*s5*s4*s3*s4*s6*s5*s6*s1*s2*s1*s3*s4*s3*s2*s5*s4", 9 ], [ "s2*s5*s4*s3*s4*s6*s5*s6*s1*s2*s1*s3*s4*s3*s2*s5*s6", 9 ], [ "s3*s2*s4*s3*s4*s6*s5*s6*s1*s2*s1*s3*s4*s3*s5*s4*s6", 9 ], [ "s3*s2*s5*s4*s3*s6*s5*s6*s1*s2*s1*s4*s3*s2*s1*s5*s4", 9 ], [ "s1*s2*s5*s4*s3*s6*s5*s6*s1*s2*s1*s4*s3*s2*s1*s5*s6", 9 ], [ "s3*s2*s5*s4*s3*s6*s5*s6*s1*s2*s1*s4*s3*s2*s5*s4*s3", 9 ], [ "s1*s3*s2*s5*s4*s3*s6*s5*s6*s1*s2*s1*s4*s3*s2*s5*s4*s6", 9 ], [ "s3*s2*s3*s6*s5*s4*s5*s6*s1*s2*s3*s2*s1*s4*s3*s5*s4", 9 ], [ "s2*s3*s6*s5*s4*s5*s6*s1*s2*s3*s2*s1*s4*s3*s5*s6", 9 ], [ "s3*s2*s3*s5*s4*s5*s6*s1*s2*s3*s2*s4*s3*s5*s4*s6", 9 ], [ "s4*s3*s2*s6*s4*s3*s5*s6*s1*s2*s4*s3*s2*s1*s5*s4*s3", 9 ], [ "s1*s3*s2*s6*s4*s3*s5*s6*s1*s2*s4*s3*s2*s1*s5*s4*s6", 9 ], [ "s1*s4*s3*s2*s4*s3*s5*s6*s1*s2*s4*s3*s2*s5*s4*s3*s6", 9 ], [ "s4*s3*s2*s6*s5*s4*s6*s1*s3*s2*s1*s4*s5*s4*s3*s2", 9 ], [ "s1*s4*s3*s2*s6*s5*s4*s6*s1*s3*s2*s1*s4*s5*s4*s3*s6", 9 ], [ "s1*s5*s4*s3*s2*s5*s4*s6*s1*s3*s2*s4*s5*s4*s3*s2*s6", 9 ], [ "s1*s5*s4*s3*s2*s4*s6*s1*s3*s4*s5*s4*s3*s2*s1*s6", 9 ], [ "s2*s4*s3*s6*s5*s4*s6*s5*s6*s1*s2*s1*s3*s2*s1*s4*s3*s2*s5", 10 ], [ "s2*s4*s3*s6*s5*s4*s6*s5*s6*s1*s2*s1*s3*s2*s1*s4*s3*s5*s4", 10 ], [ "s2*s4*s3*s6*s5*s4*s6*s5*s6*s1*s2*s1*s3*s2*s1*s4*s3*s5*s6", 10 ], [ "s2*s5*s4*s3*s5*s4*s6*s5*s6*s1*s2*s1*s3*s2*s4*s3*s2*s5*s4", 10 ], [ "s2*s5*s4*s3*s5*s4*s6*s5*s6*s1*s2*s1*s3*s2*s4*s3*s2*s5*s6", 10 ], [ "s2*s4*s3*s5*s4*s6*s5*s6*s1*s2*s1*s3*s2*s4*s3*s5*s4*s6", 10 ], [ "s3*s2*s5*s4*s3*s4*s6*s5*s6*s1*s2*s1*s3*s4*s3*s2*s1*s5*s4", 10 ], [ "s2*s5*s4*s3*s4*s6*s5*s6*s1*s2*s1*s3*s4*s3*s2*s1*s5*s6", 10 ], [ "s3*s2*s5*s4*s3*s4*s6*s5*s6*s1*s2*s1*s3*s4*s3*s2*s5*s4*s6", 10 ], [ "s3*s2*s5*s4*s3*s6*s5*s6*s1*s2*s1*s4*s3*s2*s1*s5*s4*s3", 10 ], [ "s1*s3*s2*s5*s4*s3*s6*s5*s6*s1*s2*s1*s4*s3*s2*s1*s5*s4*s6", 10 ], [ "s1*s3*s2*s5*s4*s3*s6*s5*s6*s1*s2*s1*s4*s3*s2*s5*s4*s3*s6", 10 ], [ "s3*s2*s3*s6*s5*s4*s5*s6*s1*s2*s3*s2*s1*s4*s3*s5*s4*s6", 10 ], [ "s1*s4*s3*s2*s6*s4*s3*s5*s6*s1*s2*s4*s3*s2*s1*s5*s4*s3*s6", 10 ], [ "s1*s4*s3*s2*s6*s5*s4*s6*s1*s3*s2*s1*s4*s5*s4*s3*s2*s6", 10 ], [ "s2*s4*s3*s6*s5*s4*s6*s5*s6*s1*s2*s1*s3*s2*s1*s4*s3*s2*s5*s4", 11 ], [ "s2*s4*s3*s6*s5*s4*s6*s5*s6*s1*s2*s1*s3*s2*s1*s4*s3*s2*s5*s6", 11 ], [ "s2*s4*s3*s6*s5*s4*s6*s5*s6*s1*s2*s1*s3*s2*s1*s4*s3*s5*s4*s6", 11 ], [ "s2*s5*s4*s3*s5*s4*s6*s5*s6*s1*s2*s1*s3*s2*s4*s3*s2*s5*s4*s6", 11 ], [ "s3*s2*s5*s4*s3*s4*s6*s5*s6*s1*s2*s1*s3*s4*s3*s2*s1*s5*s4*s6", 11 ], [ "s1*s3*s2*s5*s4*s3*s6*s5*s6*s1*s2*s1*s4*s3*s2*s1*s5*s4*s3*s6", 11 ], [ "s2*s4*s3*s6*s5*s4*s6*s5*s6*s1*s2*s1*s3*s2*s1*s4*s3*s2*s5*s4*s6", 12 ] ], [ [ 0, 1, 0 ], [ 0, 2, 1 ], [ 0, 3, 2 ], [ 0, 4, 3 ], [ 0, 2, 4 ], [ 0, 1, 5 ], [ 1, 5, 1 ], [ 1, 6, 2 ], [ 1, 7, 3 ], [ 1, 8, 4 ], [ 2, 8, 0 ], [ 2, 9, 2 ], [ 2, 10, 3 ], [ 2, 5, 5 ], [ 3, 6, 0 ], [ 3, 11, 1 ], [ 3, 12, 3 ], [ 3, 9, 4 ], [ 3, 6, 5 ], [ 4, 7, 0 ], [ 4, 10, 1 ], [ 4, 12, 2 ], [ 4, 13, 4 ], [ 4, 7, 5 ], [ 5, 14, 0 ], [ 5, 15, 2 ], [ 5, 16, 3 ], [ 5, 14, 4 ], [ 6, 17, 1 ], [ 6, 18, 3 ], [ 6, 19, 4 ], [ 7, 16, 1 ], [ 7, 18, 2 ], [ 7, 20, 4 ], [ 8, 14, 1 ], [ 8, 19, 2 ], [ 8, 21, 3 ], [ 8, 14, 5 ], [ 9, 19, 0 ], [ 9, 22, 1 ], [ 9, 23, 3 ], [ 9, 15, 5 ], [ 10, 21, 0 ], [ 10, 24, 2 ], [ 10, 25, 4 ], [ 10, 16, 5 ], [ 11, 26, 0 ], [ 11, 22, 2 ], [ 11, 27, 3 ], [ 11, 22, 4 ], [ 11, 17, 5 ], [ 12, 18, 0 ], [ 12, 27, 1 ], [ 12, 28, 4 ], [ 12, 18, 5 ], [ 13, 20, 0 ], [ 13, 25, 1 ], [ 13, 28, 2 ], [ 13, 25, 3 ], [ 13, 29, 5 ], [ 14, 30, 2 ], [ 14, 31, 3 ], [ 15, 30, 0 ], [ 15, 32, 1 ], [ 15, 33, 3 ], [ 15, 30, 4 ], [ 16, 31, 0 ], [ 16, 34, 2 ], [ 16, 35, 4 ], [ 17, 36, 0 ], [ 17, 32, 2 ], [ 17, 37, 3 ], [ 17, 38, 4 ], [ 18, 37, 1 ], [ 18, 39, 4 ], [ 19, 38, 1 ], [ 19, 40, 3 ], [ 19, 30, 5 ], [ 20, 35, 1 ], [ 20, 39, 2 ], [ 20, 41, 3 ], [ 20, 42, 5 ], [ 21, 31, 1 ], [ 21, 43, 2 ], [ 21, 41, 4 ], [ 21, 31, 5 ], [ 22, 44, 0 ], [ 22, 45, 3 ], [ 22, 32, 5 ], [ 23, 40, 0 ], [ 23, 45, 1 ], [ 23, 46, 2 ], [ 23, 47, 4 ], [ 23, 33, 5 ], [ 24, 43, 0 ], [ 24, 48, 1 ], [ 24, 46, 3 ], [ 24, 49, 4 ], [ 24, 34, 5 ], [ 25, 41, 0 ], [ 25, 49, 2 ], [ 25, 50, 5 ], [ 26, 36, 1 ], [ 26, 44, 2 ], [ 26, 51, 3 ], [ 26, 44, 4 ], [ 26, 36, 5 ], [ 27, 51, 0 ], [ 27, 48, 2 ], [ 27, 52, 4 ], [ 27, 37, 5 ], [ 28, 39, 0 ], [ 28, 52, 1 ], [ 28, 47, 3 ], [ 28, 53, 5 ], [ 29, 42, 0 ], [ 29, 50, 1 ], [ 29, 53, 2 ], [ 29, 50, 3 ], [ 29, 42, 4 ], [ 30, 54, 1 ], [ 30, 55, 3 ], [ 31, 56, 2 ], [ 31, 57, 4 ], [ 32, 58, 0 ], [ 32, 59, 3 ], [ 32, 54, 4 ], [ 33, 55, 0 ], [ 33, 59, 1 ], [ 33, 60, 2 ], [ 33, 61, 4 ], [ 34, 56, 0 ], [ 34, 62, 1 ], [ 34, 60, 3 ], [ 34, 63, 4 ], [ 35, 57, 0 ], [ 35, 63, 2 ], [ 35, 57, 3 ], [ 35, 64, 5 ], [ 36, 58, 2 ], [ 36, 65, 3 ], [ 36, 66, 4 ], [ 37, 65, 0 ], [ 37, 62, 2 ], [ 37, 67, 4 ], [ 38, 66, 0 ], [ 38, 54, 2 ], [ 38, 68, 3 ], [ 38, 54, 5 ], [ 39, 67, 1 ], [ 39, 69, 3 ], [ 39, 70, 5 ], [ 40, 68, 1 ], [ 40, 71, 2 ], [ 40, 69, 4 ], [ 40, 55, 5 ], [ 41, 57, 1 ], [ 41, 72, 2 ], [ 41, 73, 5 ], [ 42, 64, 1 ], [ 42, 70, 2 ], [ 42, 73, 3 ], [ 43, 74, 1 ], [ 43, 71, 3 ], [ 43, 72, 4 ], [ 43, 56, 5 ], [ 44, 66, 1 ], [ 44, 75, 3 ], [ 44, 58, 5 ], [ 45, 75, 0 ], [ 45, 76, 2 ], [ 45, 77, 4 ], [ 45, 59, 5 ], [ 46, 71, 0 ], [ 46, 76, 1 ], [ 46, 78, 4 ], [ 46, 60, 5 ], [ 47, 69, 0 ], [ 47, 77, 1 ], [ 47, 78, 2 ], [ 47, 79, 5 ], [ 48, 80, 0 ], [ 48, 76, 3 ], [ 48, 81, 4 ], [ 48, 62, 5 ], [ 49, 72, 0 ], [ 49, 81, 1 ], [ 49, 78, 3 ], [ 49, 82, 5 ], [ 50, 73, 0 ], [ 50, 82, 2 ], [ 50, 64, 4 ], [ 51, 65, 1 ], [ 51, 80, 2 ], [ 51, 83, 4 ], [ 51, 65, 5 ], [ 52, 83, 0 ], [ 52, 81, 2 ], [ 52, 77, 3 ], [ 52, 84, 5 ], [ 53, 70, 0 ], [ 53, 84, 1 ], [ 53, 79, 3 ], [ 53, 70, 4 ], [ 54, 85, 0 ], [ 54, 86, 3 ], [ 55, 86, 1 ], [ 55, 87, 2 ], [ 55, 88, 4 ], [ 56, 89, 1 ], [ 56, 87, 3 ], [ 56, 90, 4 ], [ 57, 90, 2 ], [ 57, 91, 5 ], [ 58, 85, 1 ], [ 58, 92, 3 ], [ 58, 85, 4 ], [ 59, 92, 0 ], [ 59, 93, 2 ], [ 59, 94, 4 ], [ 60, 87, 0 ], [ 60, 93, 1 ], [ 60, 95, 4 ], [ 61, 88, 0 ], [ 61, 94, 1 ], [ 61, 95, 2 ], [ 61, 88, 3 ], [ 61, 96, 5 ], [ 62, 97, 0 ], [ 62, 93, 3 ], [ 62, 98, 4 ], [ 63, 90, 0 ], [ 63, 98, 1 ], [ 63, 99, 3 ], [ 63, 100, 5 ], [ 64, 91, 0 ], [ 64, 100, 2 ], [ 64, 91, 3 ], [ 65, 97, 2 ], [ 65, 101, 4 ], [ 66, 85, 2 ], [ 66, 102, 3 ], [ 66, 85, 5 ], [ 67, 101, 0 ], [ 67, 98, 2 ], [ 67, 103, 3 ], [ 67, 104, 5 ], [ 68, 102, 0 ], [ 68, 105, 2 ], [ 68, 103, 4 ], [ 68, 86, 5 ], [ 69, 103, 1 ], [ 69, 106, 2 ], [ 69, 107, 5 ], [ 70, 104, 1 ], [ 70, 107, 3 ], [ 71, 108, 1 ], [ 71, 106, 4 ], [ 71, 87, 5 ], [ 72, 109, 1 ], [ 72, 106, 3 ], [ 72, 110, 5 ], [ 73, 91, 1 ], [ 73, 110, 2 ], [ 73, 91, 4 ], [ 74, 111, 0 ], [ 74, 89, 2 ], [ 74, 108, 3 ], [ 74, 109, 4 ], [ 74, 89, 5 ], [ 75, 102, 1 ], [ 75, 112, 2 ], [ 75, 113, 4 ], [ 75, 92, 5 ], [ 76, 112, 0 ], [ 76, 114, 4 ], [ 76, 93, 5 ], [ 77, 113, 0 ], [ 77, 114, 2 ], [ 77, 115, 5 ], [ 78, 106, 0 ], [ 78, 114, 1 ], [ 78, 116, 5 ], [ 79, 107, 0 ], [ 79, 115, 1 ], [ 79, 116, 2 ], [ 79, 96, 4 ], [ 80, 111, 1 ], [ 80, 112, 3 ], [ 80, 117, 4 ], [ 80, 97, 5 ], [ 81, 117, 0 ], [ 81, 114, 3 ], [ 81, 118, 5 ], [ 82, 110, 0 ], [ 82, 118, 1 ], [ 82, 116, 3 ], [ 82, 100, 4 ], [ 83, 101, 1 ], [ 83, 117, 2 ], [ 83, 113, 3 ], [ 83, 119, 5 ], [ 84, 119, 0 ], [ 84, 118, 2 ], [ 84, 115, 3 ], [ 84, 104, 4 ], [ 85, 120, 3 ], [ 86, 120, 0 ], [ 86, 121, 2 ], [ 86, 122, 4 ], [ 87, 123, 1 ], [ 87, 124, 4 ], [ 88, 122, 1 ], [ 88, 124, 2 ], [ 88, 125, 5 ], [ 89, 126, 0 ], [ 89, 123, 3 ], [ 89, 127, 4 ], [ 90, 127, 1 ], [ 90, 128, 3 ], [ 90, 129, 5 ], [ 91, 129, 2 ], [ 92, 120, 1 ], [ 92, 130, 2 ], [ 92, 131, 4 ], [ 93, 130, 0 ], [ 93, 132, 4 ], [ 94, 131, 0 ], [ 94, 132, 2 ], [ 94, 122, 3 ], [ 94, 133, 5 ], [ 95, 124, 0 ], [ 95, 132, 1 ], [ 95, 134, 3 ], [ 95, 135, 5 ], [ 96, 125, 0 ], [ 96, 133, 1 ], [ 96, 135, 2 ], [ 96, 125, 3 ], [ 97, 126, 1 ], [ 97, 130, 3 ], [ 97, 136, 4 ], [ 98, 136, 0 ], [ 98, 137, 3 ], [ 98, 138, 5 ], [ 99, 128, 0 ], [ 99, 137, 1 ], [ 99, 128, 2 ], [ 99, 134, 4 ], [ 99, 139, 5 ], [ 100, 129, 0 ], [ 100, 138, 1 ], [ 100, 139, 3 ], [ 101, 136, 2 ], [ 101, 140, 3 ], [ 101, 141, 5 ], [ 102, 142, 2 ], [ 102, 140, 4 ], [ 102, 120, 5 ], [ 103, 140, 0 ], [ 103, 143, 2 ], [ 103, 144, 5 ], [ 104, 141, 0 ], [ 104, 138, 2 ], [ 104, 144, 3 ], [ 105, 142, 0 ], [ 105, 145, 1 ], [ 105, 121, 3 ], [ 105, 143, 4 ], [ 105, 121, 5 ], [ 106, 146, 1 ], [ 106, 147, 5 ], [ 107, 144, 1 ], [ 107, 147, 2 ], [ 107, 125, 4 ], [ 108, 148, 0 ], [ 108, 145, 2 ], [ 108, 146, 4 ], [ 108, 123, 5 ], [ 109, 149, 0 ], [ 109, 127, 2 ], [ 109, 146, 3 ], [ 109, 150, 5 ], [ 110, 150, 1 ], [ 110, 147, 3 ], [ 110, 129, 4 ], [ 111, 126, 2 ], [ 111, 148, 3 ], [ 111, 149, 4 ], [ 111, 126, 5 ], [ 112, 148, 1 ], [ 112, 151, 4 ], [ 112, 130, 5 ], [ 113, 140, 1 ], [ 113, 151, 2 ], [ 113, 152, 5 ], [ 114, 151, 0 ], [ 114, 153, 5 ], [ 115, 152, 0 ], [ 115, 153, 2 ], [ 115, 133, 4 ], [ 116, 147, 0 ], [ 116, 153, 1 ], [ 116, 135, 4 ], [ 117, 149, 1 ], [ 117, 151, 3 ], [ 117, 154, 5 ], [ 118, 154, 0 ], [ 118, 153, 3 ], [ 118, 138, 4 ], [ 119, 141, 1 ], [ 119, 154, 2 ], [ 119, 152, 3 ], [ 119, 141, 4 ], [ 120, 155, 2 ], [ 120, 156, 4 ], [ 121, 155, 0 ], [ 121, 157, 1 ], [ 121, 158, 4 ], [ 122, 156, 0 ], [ 122, 158, 2 ], [ 122, 159, 5 ], [ 123, 160, 0 ], [ 123, 157, 2 ], [ 123, 161, 4 ], [ 124, 161, 1 ], [ 124, 162, 3 ], [ 124, 163, 5 ], [ 125, 159, 1 ], [ 125, 163, 2 ], [ 126, 160, 3 ], [ 126, 164, 4 ], [ 127, 164, 0 ], [ 127, 165, 3 ], [ 127, 166, 5 ], [ 128, 165, 1 ], [ 128, 162, 4 ], [ 128, 167, 5 ], [ 129, 166, 1 ], [ 129, 167, 3 ], [ 130, 160, 1 ], [ 130, 168, 4 ], [ 131, 156, 1 ], [ 131, 168, 2 ], [ 131, 156, 3 ], [ 131, 169, 5 ], [ 132, 168, 0 ], [ 132, 170, 3 ], [ 132, 171, 5 ], [ 133, 169, 0 ], [ 133, 171, 2 ], [ 133, 159, 3 ], [ 134, 162, 0 ], [ 134, 170, 1 ], [ 134, 162, 2 ], [ 134, 172, 5 ], [ 135, 163, 0 ], [ 135, 171, 1 ], [ 135, 172, 3 ], [ 136, 164, 1 ], [ 136, 173, 3 ], [ 136, 174, 5 ], [ 137, 173, 0 ], [ 137, 175, 2 ], [ 137, 170, 4 ], [ 137, 176, 5 ], [ 138, 174, 0 ], [ 138, 176, 3 ], [ 139, 167, 0 ], [ 139, 176, 1 ], [ 139, 167, 2 ], [ 139, 172, 4 ], [ 140, 177, 2 ], [ 140, 178, 5 ], [ 141, 174, 2 ], [ 141, 178, 3 ], [ 142, 179, 1 ], [ 142, 155, 3 ], [ 142, 177, 4 ], [ 142, 155, 5 ], [ 143, 177, 0 ], [ 143, 180, 1 ], [ 143, 175, 3 ], [ 143, 181, 5 ], [ 144, 178, 0 ], [ 144, 181, 2 ], [ 144, 159, 4 ], [ 145, 179, 0 ], [ 145, 157, 3 ], [ 145, 180, 4 ], [ 145, 157, 5 ], [ 146, 182, 0 ], [ 146, 180, 2 ], [ 146, 183, 5 ], [ 147, 183, 1 ], [ 147, 163, 4 ], [ 148, 179, 2 ], [ 148, 182, 4 ], [ 148, 160, 5 ], [ 149, 164, 2 ], [ 149, 182, 3 ], [ 149, 184, 5 ], [ 150, 184, 0 ], [ 150, 166, 2 ], [ 150, 183, 3 ], [ 150, 166, 4 ], [ 151, 182, 1 ], [ 151, 185, 5 ], [ 152, 178, 1 ], [ 152, 185, 2 ], [ 152, 169, 4 ], [ 153, 185, 0 ], [ 153, 171, 4 ], [ 154, 184, 1 ], [ 154, 185, 3 ], [ 154, 174, 4 ], [ 155, 186, 1 ], [ 155, 187, 4 ], [ 156, 187, 2 ], [ 156, 188, 5 ], [ 157, 186, 0 ], [ 157, 189, 4 ], [ 158, 187, 0 ], [ 158, 189, 1 ], [ 158, 190, 3 ], [ 158, 191, 5 ], [ 159, 188, 0 ], [ 159, 191, 2 ], [ 160, 186, 2 ], [ 160, 192, 4 ], [ 161, 192, 0 ], [ 161, 189, 2 ], [ 161, 193, 3 ], [ 161, 194, 5 ], [ 162, 193, 1 ], [ 162, 195, 5 ], [ 163, 194, 1 ], [ 163, 195, 3 ], [ 164, 196, 3 ], [ 164, 197, 5 ], [ 165, 196, 0 ], [ 165, 198, 2 ], [ 165, 193, 4 ], [ 165, 199, 5 ], [ 166, 197, 0 ], [ 166, 199, 3 ], [ 167, 199, 1 ], [ 167, 195, 4 ], [ 168, 192, 1 ], [ 168, 200, 3 ], [ 168, 201, 5 ], [ 169, 188, 1 ], [ 169, 201, 2 ], [ 169, 188, 3 ], [ 170, 200, 0 ], [ 170, 190, 2 ], [ 170, 202, 5 ], [ 171, 201, 0 ], [ 171, 202, 3 ], [ 172, 195, 0 ], [ 172, 202, 1 ], [ 172, 195, 2 ], [ 173, 196, 1 ], [ 173, 203, 2 ], [ 173, 200, 4 ], [ 173, 204, 5 ], [ 174, 197, 1 ], [ 174, 204, 3 ], [ 175, 203, 0 ], [ 175, 198, 1 ], [ 175, 190, 4 ], [ 175, 205, 5 ], [ 176, 204, 0 ], [ 176, 205, 2 ], [ 176, 202, 4 ], [ 177, 206, 1 ], [ 177, 203, 3 ], [ 177, 207, 5 ], [ 178, 207, 2 ], [ 178, 188, 4 ], [ 179, 186, 3 ], [ 179, 206, 4 ], [ 179, 186, 5 ], [ 180, 206, 0 ], [ 180, 198, 3 ], [ 180, 208, 5 ], [ 181, 207, 0 ], [ 181, 208, 1 ], [ 181, 205, 3 ], [ 181, 191, 4 ], [ 182, 206, 2 ], [ 182, 209, 5 ], [ 183, 209, 0 ], [ 183, 208, 2 ], [ 183, 194, 4 ], [ 184, 197, 2 ], [ 184, 209, 3 ], [ 184, 197, 4 ], [ 185, 209, 1 ], [ 185, 201, 4 ], [ 186, 210, 4 ], [ 187, 210, 1 ], [ 187, 211, 3 ], [ 187, 212, 5 ], [ 188, 212, 2 ], [ 189, 210, 0 ], [ 189, 213, 3 ], [ 189, 214, 5 ], [ 190, 211, 0 ], [ 190, 213, 1 ], [ 190, 215, 5 ], [ 191, 212, 0 ], [ 191, 214, 1 ], [ 191, 215, 3 ], [ 192, 210, 2 ], [ 192, 216, 3 ], [ 192, 217, 5 ], [ 193, 216, 0 ], [ 193, 213, 2 ], [ 193, 218, 5 ], [ 194, 217, 0 ], [ 194, 214, 2 ], [ 194, 218, 3 ], [ 195, 218, 1 ], [ 196, 219, 2 ], [ 196, 216, 4 ], [ 196, 220, 5 ], [ 197, 220, 3 ], [ 198, 219, 0 ], [ 198, 213, 4 ], [ 198, 221, 5 ], [ 199, 220, 0 ], [ 199, 221, 2 ], [ 199, 218, 4 ], [ 200, 216, 1 ], [ 200, 211, 2 ], [ 200, 222, 5 ], [ 201, 217, 1 ], [ 201, 222, 3 ], [ 202, 222, 0 ], [ 202, 215, 2 ], [ 203, 219, 1 ], [ 203, 211, 4 ], [ 203, 223, 5 ], [ 204, 220, 1 ], [ 204, 223, 2 ], [ 204, 222, 4 ], [ 205, 223, 0 ], [ 205, 221, 1 ], [ 205, 215, 4 ], [ 206, 219, 3 ], [ 206, 224, 5 ], [ 207, 224, 1 ], [ 207, 223, 3 ], [ 207, 212, 4 ], [ 208, 224, 0 ], [ 208, 221, 3 ], [ 208, 214, 4 ], [ 209, 224, 2 ], [ 209, 217, 4 ], [ 210, 225, 3 ], [ 210, 226, 5 ], [ 211, 225, 1 ], [ 211, 227, 5 ], [ 212, 226, 1 ], [ 212, 227, 3 ], [ 213, 225, 0 ], [ 213, 228, 5 ], [ 214, 226, 0 ], [ 214, 228, 3 ], [ 215, 227, 0 ], [ 215, 228, 1 ], [ 216, 225, 2 ], [ 216, 229, 5 ], [ 217, 226, 2 ], [ 217, 229, 3 ], [ 218, 229, 0 ], [ 218, 228, 2 ], [ 219, 225, 4 ], [ 219, 230, 5 ], [ 220, 230, 2 ], [ 220, 229, 4 ], [ 221, 230, 0 ], [ 221, 228, 4 ], [ 222, 229, 1 ], [ 222, 227, 2 ], [ 223, 230, 1 ], [ 223, 227, 4 ], [ 224, 230, 3 ], [ 224, 226, 4 ], [ 225, 231, 5 ], [ 226, 231, 3 ], [ 227, 231, 1 ], [ 228, 231, 0 ], [ 229, 231, 2 ], [ 230, 231, 4 ] ] ]');

--
-- Constraints for dumped tables
--

--
-- Constraints for table `automorphisms`
--
ALTER TABLE `automorphisms`
  ADD CONSTRAINT `automorphisms_ibfk_1` FOREIGN KEY (`group_id`) REFERENCES `groups` (`id`);

--
-- Constraints for table `weakorderings`
--
ALTER TABLE `weakorderings`
  ADD CONSTRAINT `weakorderings_ibfk_1` FOREIGN KEY (`group_id`) REFERENCES `groups` (`id`),
  ADD CONSTRAINT `weakorderings_ibfk_2` FOREIGN KEY (`automorphism_id`) REFERENCES `automorphisms` (`id`);

/*!40101 SET CHARACTER_SET_CLIENT=@OLD_CHARACTER_SET_CLIENT */;
/*!40101 SET CHARACTER_SET_RESULTS=@OLD_CHARACTER_SET_RESULTS */;
/*!40101 SET COLLATION_CONNECTION=@OLD_COLLATION_CONNECTION */;
